name,marker-color,marker-size,marker-symbol,id,feature-type,notes,geology,lon,lat
Kingston Russell stone circle,#000000,,,1,Stone circle,,Sarsen,-2.59915,50.6885
Kingston Russell stone circle,#000000,,,2,Stone circle,,Sarsen,-2.59914,50.68846
Kingston Russell stone circle,#000000,,,3,Stone circle,,Sarsen,-2.59909,50.68845
Kingston Russell stone circle,#000000,,,4,Stone circle,,Sarsen,-2.59904,50.68841
Kingston Russell stone circle,#000000,,,5,Stone circle,,Sarsen,-2.599,50.68841
Kingston Russell stone circle,#000000,,,6,Stone circle,,Sarsen,-2.59893,50.68842
Kingston Russell stone circle,#000000,,,7,Stone circle,,Sarsen,-2.59888,50.68843
Kingston Russell stone circle,#000000,,,8,Stone circle,,Sarsen,-2.59883,50.68844
Kingston Russell stone circle,#000000,,,9,Stone circle,,Sarsen,-2.59878,50.68848
Kingston Russell stone circle,#000000,,,10,Stone circle,,Sarsen,-2.5988,50.68849
Kingston Russell stone circle,#000000,,,11,Stone circle,,Sarsen,-2.59876,50.68851
Kingston Russell stone circle,#000000,,,12,Stone circle,,Sarsen,-2.5988,50.68854
Kingston Russell stone circle,#000000,,,13,Stone circle,,Sarsen,-2.5988,50.68858
Kingston Russell stone circle,#000000,,,14,Stone circle,,Sarsen,-2.59881,50.68862
Kingston Russell stone circle,#000000,,,15,Stone circle,,Sarsen,-2.59889,50.68865
Kingston Russell stone circle,#000000,,,16,Stone circle,,Sarsen,-2.599,50.68865
Kingston Russell stone circle,#000000,,,17,Stone circle,,Sarsen,-2.59911,50.6886
Tenants Hill,#000000,,,18,Stone,,Sarsen,-2.59872,50.68805
Tenants Hill,#000000,,,19,Stone,,Sarsen,-2.59867,50.68802
Tenants Hill,#000000,,,20,Stone,,Sarsen,-2.59834,50.68792
Punknowle,#000000,,,21,Stone,,Unknown,-2.65358,50.69673
The Grey Mare and Her Colts,#000000,,,22,Cromlech,Chambered Long Barrow,Sarsen,-2.59022,50.68175
The Grey Mare and Her Colts,#000000,,,23,Cromlech,Chambered Long Barrow,Sarsen,-2.59024,50.68171
The Grey Mare and Her Colts,#000000,,,24,Cromlech,Chambered Long Barrow,Sarsen,-2.59028,50.68172
The Grey Mare and Her Colts,#000000,,,25,Cromlech,Chambered Long Barrow,Sarsen,-2.59027,50.68168
The Grey Mare and Her Colts,#000000,,,26,Cromlech,Chambered Long Barrow,Sarsen,-2.59031,50.68171
Gorwell Entrance,#000000,,,27,Stone,,Sarsen,-2.58398,50.67886
Portesham Hill,#000000,,,28,Stone,,Sarsen,-2.56059,50.67623
Portesham Hill,#000000,,,29,Stone,,Sarsen,-2.56,50.67619
Portesham Hill,#000000,,,30,Stone,,Sarsen,-2.55991,50.67622
Portesham Hill,#000000,,,31,Stone,,Sarsen,-2.56003,50.67638
Portesham Hill,#000000,,,32,Stone,,Sarsen,-2.56017,50.67646
Portesham Hill,#000000,,,33,Stone,,Sarsen,-2.56024,50.67658
Portesham Hill,#000000,,,34,Stone,,Sarsen,-2.55945,50.67672
Portesham Hill,#000000,,,35,Stone,,Sarsen,-2.55902,50.67678
Portesham Hill,#000000,,,36,Stone,,Sarsen,-2.55989,50.67697
Portesham Hill,#000000,,,37,Stone,,Sarsen,-2.55982,50.67698
Portesham Hill,#000000,,,38,Stone,,Sarsen,-2.55911,50.67698
Portesham Hill,#000000,,,39,Stone,,Sarsen,-2.55921,50.67704
Portesham Hill,#000000,,,40,Stone,,Sarsen,-2.5593,50.67721
Portesham Hill,#000000,,,41,Stone,,Sarsen,-2.55952,50.67721
Portesham Hill,#000000,,,42,Stone,,Sarsen,-2.55953,50.67718
Portesham Hill,#000000,,,43,Stone,,Sarsen,-2.56073,50.67709
Portesham Hill,#000000,,,44,Stone,,Sarsen,-2.55998,50.67747
Portesham Hill,#000000,,,45,Stone,,Sarsen,-2.55984,50.67755
Portesham Hill,#000000,,,46,Stone,,Sarsen,-2.55977,50.67771
Portesham Hill,#000000,,,47,Stone,,Sarsen,-2.55951,50.67778
Portesham Hill,#000000,,,48,Stone,,Sarsen,-2.55952,50.67786
Portesham Hill,#000000,,,49,Stone,,Sarsen,-2.55943,50.67789
Portesham Hill,#000000,,,50,Stone,,Sarsen,-2.5596,50.67791
Portesham Hill,#000000,,,51,Stone,,Sarsen,-2.55968,50.67787
Portesham Hill,#000000,,,52,Stone,,Sarsen,-2.5595,50.678
Portesham Hill,#000000,,,53,Stone,,Sarsen,-2.55956,50.67802
Portesham Hill,#000000,,,54,Stone,,Sarsen,-2.55961,50.67803
Portesham Hill,#000000,,,55,Stone,,Sarsen,-2.55922,50.67836
Portesham Hill,#000000,,,56,Stone,,Sarsen,-2.55874,50.67829
Portesham Hill,#000000,,,57,Stone,,Sarsen,-2.55864,50.67825
Portesham Hill,#000000,,,58,Stone,,Sarsen,-2.55856,50.67823
Portesham Hill,#000000,,,59,Stone,,Sarsen,-2.55859,50.67684
Portesham Hill,#000000,,,60,Stone,,Sarsen,-2.55837,50.6771
Portesham Hill,#000000,,,61,Stone,,Sarsen,-2.55823,50.67759
Portesham Hill,#000000,,,62,Stone,,Sarsen,-2.55834,50.6776
Portesham Hill,#000000,,,63,Stone,,Sarsen,-2.55848,50.67758
Portesham Hill,#000000,,,64,Stone,,Sarsen,-2.55852,50.67759
Portesham Hill,#000000,,,65,Stone,,Sarsen,-2.55857,50.6776
Portesham Hill,#000000,,,66,Stone,,Sarsen,-2.55871,50.67767
Portesham Hill,#000000,,,67,Stone,,Sarsen,-2.55883,50.67767
Portesham Hill,#000000,,,68,Stone,,Sarsen,-2.55881,50.67771
Portesham Hill,#000000,,,69,Stone,,Sarsen,-2.55894,50.67772
Portesham Hill,#000000,,,70,Stone,,Sarsen,-2.5607,50.67789
Portesham Hill,#000000,,,71,Stone,,Sarsen,-2.5586,50.67789
Portesham Hill,#000000,,,72,Stone,,Sarsen,-2.55806,50.67787
Standing Stones (site of),#000000,,,73,Standing Stones,,Sarsen,-2.55759,50.68134
Black Down Barn,#000000,,,74,Stone,,Sarsen,-2.55521,50.68064
Black Down,#000000,,,75,Stone,,Sarsen,-2.55524,50.68053
Portesham Hill,#000000,,,76,Stone,,Sarsen,-2.55667,50.67938
Hell Stone,#000000,,,77,Cromlech,Chambered Long Barrow,Sarsen,-2.55918,50.67861
Black Down,#000000,,,78,Stone,,Sarsen,-2.54899,50.68661
Black Down,#000000,,,79,Stone,,Sarsen,-2.54926,50.68661
Black Down,#000000,,,80,Stone,,Sarsen,-2.54952,50.68662
Black Down,#000000,,,81,Stone,,Sarsen,-2.54957,50.68681
Black Down,#000000,,,82,Stone,,Sarsen,-2.54893,50.68684
Black Down,#000000,,,83,Stone,,Sarsen,-2.54966,50.68713
Black Down,#000000,,,84,Stone,,Sarsen,-2.54883,50.68717
Valley of Stones,#000000,,,85,Stone,,Sarsen,-2.57637,50.68245
Valley of Stones,#000000,,,86,Stone,,Sarsen,-2.57648,50.68303
Valley of Stones,#000000,,,87,Stone,,Sarsen,-2.57653,50.68312
Valley of Stones,#000000,,,88,Stone,,Sarsen,-2.57661,50.68314
Valley of Stones,#000000,,,89,Stone,,Sarsen,-2.57614,50.68343
Valley of Stones,#000000,,,90,Valley of Stones,,Sarsen,-2.57585,50.68409
Valley of Stones,#000000,,,91,Stone,,Sarsen,-2.57606,50.68394
Valley of Stones,#000000,,,92,Stone,,Sarsen,-2.57621,50.68382
Valley of Stones,#000000,,,93,Stone,,Sarsen,-2.57635,50.68373
Little Mayne,#000000,,,94,Stone,,Sarsen,-2.39268,50.68213
Little Mayne,#000000,,,95,Stone,,Sarsen,-2.3924,50.68243
Little Mayne,#000000,,,96,Stone,,Sarsen,-2.39251,50.68245
Little Mayne,#000000,,,97,Stone,,Sarsen,-2.39272,50.6825
Little Mayne,#000000,,,98,Stone,,Sarsen,-2.39325,50.68238
Little Mayne,#000000,,,99,Stone,,Sarsen,-2.39337,50.68247
Little Mayne,#000000,,,100,Stone,,Sarsen,-2.39307,50.68257
Little Mayne,#000000,,,101,Stone,,Sarsen,-2.3937,50.68252
Little Mayne,#000000,,,102,Stone,,Sarsen,-2.3937,50.6826
Little Mayne,#000000,,,103,Stone,,Sarsen,-2.39346,50.68276
Little Mayne,#000000,,,104,Stone,,Sarsen,-2.39344,50.68279
Little Mayne,#000000,,,105,Stone,,Sarsen,-2.39349,50.68277
Little Mayne,#000000,,,106,Stone,,Sarsen,-2.39351,50.68279
Little Mayne,#000000,,,107,Stone,,Sarsen,-2.39355,50.68278
Poxwell,#000000,,,108,Stone,,Sarsen,-2.3616,50.65146
Poxwell Stone Circle,#000000,,,109,Stone circle,Curbed cairn,Sarsen,-2.36193,50.65135
Poxwell Stone Circle,#000000,,,110,Stone circle,Curbed cairn,Sarsen,-2.36187,50.65135
Poxwell Stone Circle,#000000,,,111,Stone circle,Curbed cairn,Sarsen,-2.36185,50.65133
Poxwell Stone Circle,#000000,,,112,Stone circle,Curbed cairn,Sarsen,-2.36189,50.65131
Poxwell Stone Circle,#000000,,,113,Stone circle,Curbed cairn,Sarsen,-2.36193,50.65132
Poxwell,#000000,,,114,Stone,,Sarsen,-2.36205,50.65131
Poxwell,#000000,,,115,Stone,,Sarsen,-2.36203,50.65128
Poxwell,#000000,,,116,Stone,,Sarsen,-2.36209,50.6513
,#000000,,,117,Stone,,Sarsen,-2.35759,50.65404
,#000000,,,118,Stone,,Sarsen,-2.35755,50.65404
,#000000,,,119,Stone,,Sarsen,-2.35755,50.65401
,#000000,,,120,Stone,,Sarsen,-2.35758,50.65398
Agglestome,#000000,,,121,Outcrop,,Heathstone,-1.96792,50.64512
Puckstone,#000000,,,122,Outcrop,,Heathstone,-1.97077,50.64773
,#000000,,,123,Stone,,Heathstone,-1.99437,50.64781
,#000000,,,124,Stone,,Heathstone,-1.99359,50.64973
,#000000,,,125,Stone,,Heathstone,-1.99495,50.64517
,#000000,,,126,Stone,,Heathstone,-1.99106,50.65793
,#000000,,,127,Stone,,Heathstone,-1.99157,50.65268
,#000000,,,128,Stone,,Heathstone,-1.9906,50.6626
,#000000,,,129,Stone,,Heathstone,-1.99055,50.66278
,#000000,,,130,Stone,,Heathstone,-1.98914,50.66408
Rempstone Stone Circle,#000000,,,131,Stone circle,,Heathstone,-2.00879,50.63836
Rempstone Stone Circle,#000000,,,132,Stone circle,,Heathstone,-2.00873,50.63841
Rempstone Stone Circle,#000000,,,133,Stone circle,,Heathstone,-2.00872,50.63846
Rempstone Stone Circle,#000000,,,134,Stone circle,,Heathstone,-2.00878,50.63852
Rempstone Stone Circle,#000000,,,135,Stone circle,,Heathstone,-2.00889,50.63854
Rempstone Stone Circle,#000000,,,136,Stone circle,,Heathstone,-2.00903,50.63852
Hore Stone,#000000,,,137,Stone,,Sarsen,-2.68589,50.82812
Devil's Chair,#000000,,,138,Boulder,Chambered Kong Barrow,Sarsen,-2.69224,50.84126
Devil's Chair,#000000,,,139,Boulder,Chambered Long Barrow,Sarsen,-2.69187,50.84161
Devil's Chair,#000000,,,140,Boulder,Chambered Long Barrow,Sarsen,-2.69188,50.84165
Devil's Chair,#000000,,,141,Boulder,Chambered Long Barrow,Sarsen,-2.69197,50.84165
,#000000,,,142,Stone,,Heathstone,-2.08861,50.67491
,#000000,,,143,Stone,,Heathstone,-2.08549,50.66338
,#000000,,,144,Stone,,Heathstone,-2.08419,50.6638
,#000000,,,145,Stone,,Heathstone,-2.08021,50.66485
,#000000,,,146,Stone,,Heathstone,-2.07526,50.66595
,#000000,,,147,Stone,,Heathstone,-2.05491,50.67038
Winterborne Abbas,#000000,,,148,Stone,,Sarsen,-2.53755,50.71131
Nine Stones,#000000,,,149,Stone circle,,Sarsen,-2.55265,50.71221
Nine Stones,#000000,,,150,Stone circle,,Sarsen,-2.55267,50.71219
Nine Stones,#000000,,,151,Stone circle,,Sarsen,-2.55265,50.71217
Nine Stones,#000000,,,152,Stone circle,,Sarsen,-2.55263,50.71215
Nine Stones,#000000,,,153,Stone circle,,Sarsen,-2.55257,50.71215
Nine Stones,#000000,,,154,Stone circle,,Sarsen,-2.55256,50.71218
Nine Stones,#000000,,,155,Stone circle,,Sarsen,-2.55259,50.71222
Nine Stones,#000000,,,156,Stone circle,,Sarsen,-2.55254,50.7122
Nine Stones,#000000,,,157,Stone circle,,Sarsen,-2.55257,50.71221
The Broad Stone,#000000,,,158,Stone,,Sarsen,-2.57456,50.71184
,#000000,,,159,Stone,,Sarsen,-2.59636,50.71243
,#000000,,,160,Stone,,Sarsen,-2.62851,50.72308
,#000000,,,161,Stone,,Sarsen,-2.6299,50.72409
,#000000,,,162,Stone,,Sarsen,-2.62913,50.7238
,#000000,,,163,Stone,,Sarsen,-2.62926,50.72353
,#000000,,,164,Stone,,Sarsen,-2.62921,50.72352
,#000000,,,165,Stone,,Sarsen,-2.62906,50.72353
,#000000,,,166,Monolith,,Sarsen,-2.60693,50.72144
,#000000,,,167,Stone,,Sarsen,-2.59255,50.71045
Three Dumb Maids,#000000,,,168,Stone,,Forest Marble,-2.60345,50.84019
,#000000,,,169,Stone,,Sarsen,-2.638,50.83313
,,,,170,Stone,,Sarsen,-2.41516,50.70803
,,,,171,Stone,,Sarsen,-2.42008,50.70771
Scar Cementstone,#000000,,,172,Stone,Outcrop and landslip,Portland Sand,-2.55728,50.67063
Scar Cementstone,#000000,,,173,Stone,Outcrop and landslip,Portland Sand,-2.55731,50.67072
Scar Cementstone,#000000,,,174,Stone,Outcrop and landslip,Portland Sand,-2.55737,50.67077
Scar Cementstone,#000000,,,175,Stone,Outcrop and landslip,Portland Sand,-2.55752,50.67075
Scar Cementstone,#000000,,,176,Stone,Outcrop and landslip,Portland Sand,-2.55746,50.67086
Scar Cementstone,#000000,,,177,Stone,Outcrop and landslip,Portland Sand,-2.55766,50.67087
Scar Cementstone,#000000,,,178,Stone,Outcrop and landslip,Portland Sand,-2.55773,50.67096
Scar Cementstone,#000000,,,179,Stone,Outcrop and landslip,Portland Sand,-2.5581,50.67125
Scar Cementstone,#000000,,,180,Stone,Outcrop and landslip,Portland Sand,-2.558,50.67131
Scar Cementstone,#000000,,,181,Stone,Outcrop and landslip,Portland Sand,-2.55805,50.67134
Scar Cementstone,#000000,,,182,Stone,Outcrop and landslip,Portland Sand,-2.55836,50.67163
Scar Cementstone,#000000,,,183,Stone,Outcrop and landslip,Portland Sand,-2.55836,50.67168
Scar Cementstone,#000000,,,184,Stone,Outcrop and landslip,Portland Sand,-2.55859,50.67165
Scar Cementstone,#000000,,,185,Stone,Outcrop and landslip,Portland Sand,-2.55838,50.67179
Scar Cementstone,#000000,,,186,Stone,Outcrop and landslip,Portland Sand,-2.55854,50.67177
Scar Cementstone,#000000,,,187,Stone,Outcrop and landslip,Portland Sand,-2.55858,50.67176
Scar Cementstone,#000000,,,188,Stone,Outcrop and landslip,Portland Sand,-2.55864,50.67183
Rocket Quarry,#000000,,,189,Stone,,Sarsen,-2.55528,50.67262
Rocket Quarry,#000000,,,190,Stone,,Sarsen,-2.55515,50.67282
Rocket Quarry,#000000,,,191,Stone,,Sarsen,-2.55512,50.67288
Rocket Quarry,#000000,,,192,Stone,,Sarsen,-2.55519,50.67297
Portesham Hill,#000000,,,193,Stone,,Sarsen,-2.5608,50.67297
Limekiln Crags,#000000,,,194,Stone,,Upper Greensand,-2.58346,50.66919
Limekiln Crags,#000000,,,195,Stone,,Upper Greensand,-2.58271,50.66993
Limekiln Crags,#000000,,,196,Stone,,Upper Greensand,-2.58392,50.66972
Limekiln Crags,#000000,,,197,Stone,,Upper Greensand,-2.58054,50.6699
Limekiln Crags,#000000,,,198,Stone,,Upper Greensand,-2.5795,50.6701
Limekiln Crags,#000000,,,199,Stone,,Upper Greensand,-2.57981,50.67028
Limekiln Crags,#000000,,,200,Stone,,Upper Greensand,-2.5804,50.67005
Limekiln Crags,#000000,,,201,Stone,,Upper Greensand,-2.58051,50.67002
Limekiln Crags,#000000,,,202,Stone,,Upper Greensand,-2.58046,50.66996
Limekiln Crags,#000000,,,203,Stone,,Upper Greensand,-2.58059,50.66996
Limekiln Crags,#000000,,,204,Stone,,Upper Greensand,-2.58084,50.67018
Limekiln Crags,#000000,,,205,Stone,,Upper Greensand,-2.58035,50.67041
Limekiln Crags,#000000,,,206,Stone,,Upper Greensand,-2.58074,50.67036
Limekiln Crags,#000000,,,207,Stone,,Upper Greensand,-2.58088,50.67021
Limekiln Crags,#000000,,,208,Stone,,Upper Greensand,-2.58148,50.67033
Limekiln Crags,#000000,,,209,Stone,,Upper Greensand,-2.58164,50.67035
Limekiln Crags,#000000,,,210,Stone,,Upper Greensand,-2.58176,50.67047
Limekiln Crags,#000000,,,211,Stone,,Upper Greensand,-2.58143,50.67053
Limekiln Crags,#000000,,,212,Stone,,Upper Greensand,-2.58107,50.67061
Limekiln Crags,#000000,,,213,Stone,,Upper Greensand,-2.58167,50.67083
Limekiln Crags,#000000,,,214,Stone,,Upper Greensand,-2.5791,50.67116
Limekiln Crags,#000000,,,215,Stone,,Upper Greensand,-2.58074,50.67098
Limekiln Crags,#000000,,,216,Stone,,Upper Greensand,-2.58091,50.67106
Limekiln Crags,#000000,,,217,Stone,,Upper Greensand,-2.58231,50.67101
Eggardon Hill,#000000,,,218,Stone,,Upper Greensand,-2.65931,50.74971
Eggardon Hill,#000000,,,219,Stone,,Upper Greensand,-2.65929,50.74978
Eggardon Hill,#000000,,,220,Stone,,Upper Greensand,-2.65946,50.74974
Eggardon Hill,#000000,,,221,Stone,,Upper Greensand,-2.65949,50.74966
Eggardon Hill,#000000,,,222,Stone,,Upper Greensand,-2.65957,50.74986
Eggardon Hill,#000000,,,223,Stone,,Upper Greensand,-2.65956,50.74994
Eggardon Hill,#000000,,,224,Stone,,Upper Greensand,-2.66019,50.75006
Eggardon Hill,#000000,,,225,Stone,,Upper Greensand,-2.66,50.75016
Eggardon Hill,#000000,,,226,Stone,,Upper Greensand,-2.6601,50.75021
Eggardon Hill,#000000,,,227,Stone,,Upper Greensand,-2.65611,50.75108
Eggardon Hill,#000000,,,228,Stone,,Upper Greensand,-2.65604,50.75109
Eggardon Hill,#000000,,,229,Stone,,Upper Greensand,-2.65588,50.75117
Eggardon Hill,#000000,,,230,Stone,,Upper Greensand,-2.65603,50.75116
Eggardon Hill,#000000,,,231,Stone,,Upper Greensand,-2.65611,50.75115
Eggardon Hill,#000000,,,232,Stone,,Upper Greensand,-2.65622,50.75135
Eggardon Hill,#000000,,,233,Stone,,Upper Greensand,-2.65617,50.75116
Eggardon Hill,#000000,,,234,Stone,,Upper Greensand,-2.65622,50.75116
Eggardon Hill,#000000,,,235,Stone,,Upper Greensand,-2.65624,50.75123
Eggardon Hill,#000000,,,236,Stone,,Upper Greensand,-2.65624,50.75127
Eggardon Hill,#000000,,,237,Stone,,Upper Greensand,-2.66148,50.75203
Eggardon Hill,#000000,,,238,Stone,,Upper Greensand,-2.6615,50.75229
Eggardon Hill,#000000,,,239,Stone,,Upper Greensand,-2.66166,50.7523
Eggardon Hill,#000000,,,240,Stone,,Upper Greensand,-2.65842,50.75303
Eggardon Hill,#000000,,,241,Stone,,Upper Greensand,-2.65855,50.75305
Eggardon Hill,#000000,,,242,Stone,,Upper Greensand,-2.65859,50.7531
Eggardon Hill,#000000,,,243,Stone,,Upper Greensand,-2.66056,50.75336
Eggardon Hill,#000000,,,244,Stone,,Upper Greensand,-2.66075,50.7534
Eggardon Hill,#000000,,,245,Stone,,Upper Greensand,-2.66076,50.75345
Eggardon Hill,#000000,,,246,Stone,,Upper Greensand,-2.66105,50.75346
Eggardon Hill,#000000,,,247,Stone,,Upper Greensand,-2.66123,50.75345
Eggardon Hill,#000000,,,248,Stone,,Upper Greensand,-2.66117,50.75339
Eggardon Hill,#000000,,,249,Stone,,Upper Greensand,-2.66125,50.75341
Eggardon Hill,#000000,,,250,Stone,,Upper Greensand,-2.66137,50.75342
Eggardon Hill,#000000,,,251,Stone,,Upper Greensand,-2.66129,50.7536
Eggardon Hill,#000000,,,252,Stone,,Sarsen,-2.66139,50.75359
Eggardon Hill,#000000,,,253,Stone,,Upper Greensand,-2.66149,50.75336
Eggardon Hill,#000000,,,254,Stone,,Upper Greensand,-2.66154,50.7533
Eggardon Hill,#000000,,,255,Stone,Outcrop,Upper Greensand,-2.66079,50.75389
Eggardon Hill,#000000,,,256,Stone,,Upper Greensand,-2.66293,50.75365
Eggardon Hill,#000000,,,257,Stone,,Upper Greensand,-2.66284,50.75369
Eggardon Hill,#000000,,,258,Stone,,Upper Greensand,-2.66276,50.75372
Eggardon Hill,#000000,,,259,Stone,,Upper Greensand,-2.66171,50.75404
Eggardon Hill,#000000,,,260,Stone,,Upper Greensand,-2.66181,50.75401
Eggardon Hill,#000000,,,261,Stone,,Upper Greensand,-2.66196,50.75397
Eggardon Hill,#000000,,,262,Stone,,Upper Greensand,-2.66241,50.75393
Eggardon Hill,#000000,,,263,Stone,,Upper Greensand,-2.6623,50.75398
Eggardon Hill,#000000,,,264,Stone,,Upper Greensand,-2.66223,50.75402
Eggardon Hill,#000000,,,265,Stone,,Upper Greensand,-2.66221,50.75411
Eggardon Hill,#000000,,,266,Stone,,Upper Greensand,-2.66219,50.75417
Eggardon Hill,#000000,,,267,Stone,,Upper Greensand,-2.66195,50.7542
Eggardon Hill,#000000,,,268,Stone,,Upper Greensand,-2.66186,50.75417
Eggardon Hill,#000000,,,269,Stone,,Upper Greensand,-2.6618,50.75423
Eggardon Hill,#000000,,,270,Stone,,Upper Greensand,-2.66211,50.75431
Eggardon Hill,#000000,,,271,Stone,,Upper Greensand,-2.6622,50.75431
Eggardon Hill,#000000,,,272,Stone,,Upper Greensand,-2.6623,50.75431
Eggardon Hill,#000000,,,273,Stone,,Upper Greensand,-2.66234,50.75426
Eggardon Hill,#000000,,,274,Stone,,Upper Greensand,-2.6624,50.75428
Eggardon Hill,#000000,,,275,Stone,,Upper Greensand,-2.66243,50.75422
Eggardon Hill,#000000,,,276,Stone,,Upper Greensand,-2.66249,50.75418
Eggardon Hill,#000000,,,277,Stone,,Upper Greensand,-2.66229,50.7544
Eggardon Hill,#000000,,,278,Stone,,Upper Greensand,-2.66214,50.75447
Eggardon Hill,#000000,,,279,Stone,,Upper Greensand,-2.66309,50.75404
Eggardon Hill,#000000,,,280,Stone,,Upper Greensand,-2.66312,50.75399
Eggardon Hill,#000000,,,281,Stone,,Upper Greensand,-2.66326,50.75396
Eggardon Hill,#000000,,,282,Stone,,Upper Greensand,-2.66332,50.75391
Eggardon Hill,#000000,,,283,Stone,,Upper Greensand,-2.66341,50.75387
Crow Hill,#000000,,,284,Stone,,Sarsen,-2.57669,50.6891
Crow Hill,#000000,,,285,Stone,,Sarsen,-2.57648,50.68923
Crow Hill,#000000,,,286,Stone,,Sarsen,-2.57642,50.68922
Crow Hill,#000000,,,287,Stone,,Sarsen,-2.57633,50.68923
Crow Hill,#000000,,,288,Stone,,Sarsen,-2.57628,50.68923
Crow Hill,#000000,,,289,Stone,,Sarsen,-2.57623,50.68925
Crow Hill,#000000,,,290,Stone,,Sarsen,-2.57629,50.68931
Crow Hill,#000000,,,291,Stone,,Sarsen,-2.57621,50.68931
Valley of Stones,#000000,,,292,Stone,,Sarsen,-2.57326,50.69002
Valley of Stones,#000000,,,293,Stone,,Sarsen,-2.57325,50.68999
Valley of Stones,#000000,,,294,Stone,,Sarsen,-2.57321,50.69
Valley of Stones,#000000,,,295,Stone,,Sarsen,-2.57318,50.68995
Valley of Stones,#000000,,,296,Stone,,Sarsen,-2.57288,50.68984
Valley of Stones,#000000,,,297,Stone,,Sarsen,-2.57294,50.6898
Valley of Stones,#000000,,,298,Stone,,Sarsen,-2.57276,50.68971
Valley of Stones,#000000,,,299,Stone,,Sarsen,-2.57279,50.68967
Valley of Stones,#000000,,,300,Stone,,Sarsen,-2.57239,50.68947
Valley of Stones,#000000,,,301,Stone,,Sarsen,-2.57236,50.68944
Valley of Stones,#000000,,,302,Stone,,Sarsen,-2.5723,50.68947
Valley of Stones,#000000,,,303,Stone,,Sarsen,-2.57222,50.6895
Valley of Stones,#000000,,,304,Stone,,Sarsen,-2.57226,50.68944
Valley of Stones,#000000,,,305,Stone,,Sarsen,-2.5722,50.68945
Valley of Stones,#000000,,,306,Stone,,Sarsen,-2.57215,50.68945
Valley of Stones,#000000,,,307,Stone,,Sarsen,-2.57212,50.68942
Valley of Stones,#000000,,,308,Stone,,Sarsen,-2.57218,50.6894
Valley of Stones,#000000,,,309,Stone,,Sarsen,-2.57213,50.68939
Valley of Stones,#000000,,,310,Stone,,Sarsen,-2.57208,50.68938
Valley of Stones,#000000,,,311,Stone,,Sarsen,-2.57206,50.68936
Valley of Stones,#000000,,,312,Stone,,Sarsen,-2.572,50.68936
Valley of Stones,#000000,,,313,Stone,,Sarsen,-2.57206,50.68932
Valley of Stones,#000000,,,314,Stone,,Sarsen,-2.57201,50.68932
Valley of Stones,#000000,,,315,Stone,,Sarsen,-2.57192,50.6893
Valley of Stones,#000000,,,316,Stone,,Sarsen,-2.57197,50.68928
Valley of Stones,#000000,,,317,Stone,,Sarsen,-2.57201,50.68923
Valley of Stones,#000000,,,318,Stone,,Sarsen,-2.5719,50.68923
Valley of Stones,#000000,,,319,Stone,,Sarsen,-2.57186,50.68918
Valley of Stones,#000000,,,320,Stone,,Sarsen,-2.57176,50.68918
Valley of Stones,#000000,,,321,Stone,,Sarsen,-2.57164,50.68917
Valley of Stones,#000000,,,322,Stone,,Sarsen,-2.57171,50.68913
Valley of Stones,#000000,,,323,Stone,,Sarsen,-2.57168,50.68912
Valley of Stones,#000000,,,324,Stone,,Sarsen,-2.57165,50.68911
Valley of Stones,#000000,,,325,Stone,,Sarsen,-2.5716,50.6891
Valley of Stones,#000000,,,326,Stone,,Sarsen,-2.57161,50.68907
Valley of Stones,#000000,,,327,Stone,,Sarsen,-2.57165,50.68905
Valley of Stones,#000000,,,328,Stone,,Sarsen,-2.5717,50.68904
Valley of Stones,#000000,,,329,Stone,,Sarsen,-2.57155,50.68904
Valley of Stones,#000000,,,330,Stone,,Sarsen,-2.57152,50.68902
Valley of Stones,#000000,,,331,Stone,,Sarsen,-2.57146,50.68899
Valley of Stones,#000000,,,332,Stone,,Sarsen,-2.57143,50.68902
Valley of Stones,#000000,,,333,Stone,,Sarsen,-2.57157,50.68902
Valley of Stones,#000000,,,334,Stone,,Sarsen,-2.5716,50.689
Valley of Stones,#000000,,,335,Stone,,Sarsen,-2.57163,50.68897
Valley of Stones,#000000,,,336,Stone,,Sarsen,-2.57159,50.68896
Valley of Stones,#000000,,,337,Stone,,Sarsen,-2.5715,50.68897
Valley of Stones,#000000,,,338,Stone,,Sarsen,-2.57148,50.68895
Valley of Stones,#000000,,,339,Stone,,Sarsen,-2.57143,50.68895
Valley of Stones,#000000,,,340,Stone,,Sarsen,-2.5715,50.68886
Valley of Stones,#000000,,,341,Stone,,Sarsen,-2.57084,50.68873
Valley of Stones,#000000,,,342,Stone,,Sarsen,-2.571,50.68875
Valley of Stones,#000000,,,343,Stone,,Sarsen,-2.57109,50.68874
Valley of Stones,#000000,,,344,Stone,,Sarsen,-2.57117,50.68871
Valley of Stones,#000000,,,345,Stone,,Sarsen,-2.57146,50.68879
Valley of Stones,#000000,,,346,Stone,,Sarsen,-2.57141,50.6888
Valley of Stones,#000000,,,347,Stone,,Sarsen,-2.57134,50.68881
Valley of Stones,#000000,,,348,Stone,,Sarsen,-2.57129,50.68879
Valley of Stones,#000000,,,349,Stone,,Sarsen,-2.57132,50.68876
Valley of Stones,#000000,,,350,Stone,,Sarsen,-2.57129,50.68872
Valley of Stones,#000000,,,351,Stone,,Sarsen,-2.57134,50.68871
Valley of Stones,#000000,,,352,Stone,,Sarsen,-2.57138,50.68874
Valley of Stones,#000000,,,353,Stone,,Sarsen,-2.57145,50.6887
Valley of Stones,#000000,,,354,Stone,,Sarsen,-2.57135,50.68867
Valley of Stones,#000000,,,355,Stone,,Sarsen,-2.57144,50.68865
Valley of Stones,#000000,,,356,Stone,,Sarsen,-2.57134,50.68864
Valley of Stones,#000000,,,357,Stone,,Sarsen,-2.57128,50.68863
Valley of Stones,#000000,,,358,Stone,,Sarsen,-2.57128,50.68856
Valley of Stones,#000000,,,359,Stone,,Sarsen,-2.57119,50.68857
Valley of Stones,#000000,,,360,Stone,,Sarsen,-2.57112,50.68858
Valley of Stones,#000000,,,361,Stone,,Sarsen,-2.57074,50.68856
Valley of Stones,#000000,,,362,Stone,,Sarsen,-2.57051,50.68845
Valley of Stones,#000000,,,363,Stone,,Sarsen,-2.57025,50.6831
Valley of Stones,#000000,,,364,Stone,,Sarsen,-2.5695,50.68738
Valley of Stones,#000000,,,365,Stone,,Sarsen,-2.57088,50.68772
Valley of Stones,#000000,,,366,Stone,,Sarsen,-2.57081,50.68771
Valley of Stones,#000000,,,367,Stone,,Sarsen,-2.57079,50.68766
Valley of Stones,#000000,,,368,Stone,,Sarsen,-2.57074,50.68764
Valley of Stones,#000000,,,369,Stone,,Sarsen,-2.57064,50.68763
Valley of Stones,#000000,,,370,Stone,,Sarsen,-2.57069,50.68762
Valley of Stones,#000000,,,371,Stone,,Sarsen,-2.57063,50.68759
Valley of Stones,#000000,,,372,Stone,,Sarsen,-2.57056,50.68755
Valley of Stones,#000000,,,373,Stone,,Sarsen,-2.57054,50.68752
Valley of Stones,#000000,,,374,Stone,,Sarsen,-2.57058,50.68747
Valley of Stones,#000000,,,375,Stone,,Sarsen,-2.57053,50.6874
Valley of Stones,#000000,,,376,Stone,,Sarsen,-2.57049,50.68738
Valley of Stones,#000000,,,377,Stone,,Sarsen,-2.57055,50.68723
Valley of Stones,#000000,,,378,Stone,,Sarsen,-2.57049,50.68719
Valley of Stones,#000000,,,379,Stone,,Sarsen,-2.5705,50.68707
Valley of Stones,#000000,,,380,Stone,,Sarsen,-2.57027,50.68707
Valley of Stones,#000000,,,381,Stone,,Sarsen,-2.57078,50.68662
Valley of Stones,#000000,,,382,Stone,,Sarsen,-2.57074,50.68655
Valley of Stones,#000000,,,383,Stone,,Sarsen,-2.57058,50.68656
Valley of Stones,#000000,,,384,Stone,,Sarsen,-2.57085,50.68572
Valley of Stones,#000000,,,385,Stone,,Sarsen,-2.5709,50.68572
Valley of Stones,#000000,,,386,Stone,,Sarsen,-2.57097,50.6857
Valley of Stones,#000000,,,387,Stone,,Sarsen,-2.57091,50.68565
Valley of Stones,#000000,,,388,Stone,,Sarsen,-2.57098,50.68565
Valley of Stones,#000000,,,389,Stone,,Sarsen,-2.57106,50.68565
Valley of Stones,#000000,,,390,Stone,,Sarsen,-2.5709,50.68561
Valley of Stones,#000000,,,391,Stone,,Sarsen,-2.57097,50.68561
Valley of Stones,#000000,,,392,Stone,,Sarsen,-2.57099,50.68557
Valley of Stones,#000000,,,393,Stone,,Sarsen,-2.57093,50.68554
Valley of Stones,#000000,,,394,Stone,,Sarsen,-2.57097,50.68551
Valley of Stones,#000000,,,395,Stone,,Sarsen,-2.57101,50.68549
Valley of Stones,#000000,,,396,Stone,,Sarsen,-2.57105,50.68553
Valley of Stones,#000000,,,397,Stone,,Sarsen,-2.57111,50.68555
Valley of Stones,#000000,,,398,Stone,,Sarsen,-2.57114,50.68558
Valley of Stones,#000000,,,399,Stone,,Sarsen,-2.57117,50.68555
Valley of Stones,#000000,,,400,Stone,,Sarsen,-2.57108,50.68547
Valley of Stones,#000000,,,401,Stone,,Sarsen,-2.57109,50.68544
Valley of Stones,#000000,,,402,Stone,,Sarsen,-2.57116,50.68551
Valley of Stones,#000000,,,403,Stone,,Sarsen,-2.57119,50.68547
Valley of Stones,#000000,,,404,Stone,,Sarsen,-2.57125,50.6855
Valley of Stones,#000000,,,405,Stone,,Sarsen,-2.57128,50.68546
Valley of Stones,#000000,,,406,Stone,,Sarsen,-2.57136,50.68538
Valley of Stones,#000000,,,407,Stone,,Sarsen,-2.57135,50.68536
Valley of Stones,#000000,,,408,Stone,,Sarsen,-2.57141,50.6853
Valley of Stones,#000000,,,409,Stone,,Sarsen,-2.57163,50.68528
Valley of Stones,#000000,,,410,Stone,,Sarsen,-2.57171,50.68519
Valley of Stones,#000000,,,411,Stone,,Sarsen,-2.57167,50.68516
Valley of Stones,#000000,,,412,Stone,,Sarsen,-2.57175,50.68514
Valley of Stones,#000000,,,413,Stone,,Sarsen,-2.57186,50.68516
Valley of Stones,#000000,,,414,Stone,,Sarsen,-2.57184,50.68512
Valley of Stones,#000000,,,415,Stone,,Sarsen,-2.5719,50.68514
Valley of Stones,#000000,,,416,Stone,,Sarsen,-2.57202,50.68513
Valley of Stones,#000000,,,417,Stone,,Sarsen,-2.57202,50.68509
Valley of Stones,#000000,,,418,Stone,,Sarsen,-2.57203,50.68504
Valley of Stones,#000000,,,419,Stone,,Sarsen,-2.57194,50.68502
Valley of Stones,#000000,,,420,Stone,,Sarsen,-2.57212,50.68505
Valley of Stones,#000000,,,421,Stone,,Sarsen,-2.57203,50.685
Valley of Stones,#000000,,,422,Stone,,Sarsen,-2.57199,50.68496
Valley of Stones,#000000,,,423,Stone,,Sarsen,-2.57213,50.68501
Valley of Stones,#000000,,,424,Stone,,Sarsen,-2.57205,50.68497
Valley of Stones,#000000,,,425,Stone,,Sarsen,-2.57204,50.68494
Valley of Stones,#000000,,,426,Stone,,Sarsen,-2.57215,50.68497
Valley of Stones,#000000,,,427,Stone,,Sarsen,-2.57224,50.68497
Valley of Stones,#000000,,,428,Stone,,Sarsen,-2.57228,50.68494
Valley of Stones,#000000,,,429,Stone,,Sarsen,-2.57216,50.68494
Valley of Stones,#000000,,,430,Stone,,Sarsen,-2.57236,50.68493
Valley of Stones,#000000,,,431,Stone,,Sarsen,-2.57174,50.68488
Valley of Stones,#000000,,,432,Stone,,Sarsen,-2.57211,50.68488
Valley of Stones,#000000,,,433,Stone,,Sarsen,-2.5722,50.68488
Valley of Stones,#000000,,,434,Stone,,Sarsen,-2.57226,50.68488
Valley of Stones,#000000,,,435,Stone,,Sarsen,-2.57234,50.68487
Valley of Stones,#000000,,,436,Stone,,Sarsen,-2.57214,50.68484
Valley of Stones,#000000,,,437,Stone,,Sarsen,-2.57208,50.68481
Valley of Stones,#000000,,,438,Stone,,Sarsen,-2.57216,50.68479
Valley of Stones,#000000,,,439,Stone,,Sarsen,-2.57225,50.68481
Valley of Stones,#000000,,,440,Stone,,Sarsen,-2.57186,50.68472
Valley of Stones,#000000,,,441,Stone,,Sarsen,-2.57213,50.68477
Valley of Stones,#000000,,,442,Stone,,Sarsen,-2.57218,50.68477
Valley of Stones,#000000,,,443,Stone,,Sarsen,-2.57234,50.6848
Valley of Stones,#000000,,,444,Stone,,Sarsen,-2.57228,50.68479
Valley of Stones,#000000,,,445,Stone,,Sarsen,-2.57223,50.68478
Valley of Stones,#000000,,,446,Stone,,Sarsen,-2.5722,50.68475
Valley of Stones,#000000,,,447,Stone,,Sarsen,-2.57217,50.68472
Valley of Stones,#000000,,,448,Stone,,Sarsen,-2.57217,50.68467
Valley of Stones,#000000,,,449,Stone,,Sarsen,-2.57212,50.68467
Valley of Stones,#000000,,,450,Stone,,Sarsen,-2.5722,50.68463
Valley of Stones,#000000,,,451,Stone,,Sarsen,-2.5722,50.6846
Valley of Stones,#000000,,,452,Stone,,Sarsen,-2.57224,50.68458
Valley of Stones,#000000,,,453,Stone,,Sarsen,-2.57225,50.68456
Valley of Stones,#000000,,,454,Stone,,Sarsen,-2.57229,50.68455
Valley of Stones,#000000,,,455,Stone,,Sarsen,-2.57233,50.68454
Valley of Stones,#000000,,,456,Stone,,Sarsen,-2.57236,50.68456
Valley of Stones,#000000,,,457,Stone,,Sarsen,-2.57238,50.6845
Valley of Stones,#000000,,,458,Stone,,Sarsen,-2.57245,50.68449
Valley of Stones,#000000,,,459,Stone,,Sarsen,-2.57248,50.68453
Valley of Stones,#000000,,,460,Stone,,Sarsen,-2.57252,50.68458
Valley of Stones,#000000,,,461,Stone,,Sarsen,-2.57244,50.6846
Valley of Stones,#000000,,,462,Stone,,Sarsen,-2.57244,50.68462
Valley of Stones,#000000,,,463,Stone,,Sarsen,-2.57235,50.68469
Valley of Stones,#000000,,,464,Stone,,Sarsen,-2.57247,50.68465
Valley of Stones,#000000,,,465,Stone,,Sarsen,-2.57242,50.68468
Valley of Stones,#000000,,,466,Stone,,Sarsen,-2.57239,50.68471
Valley of Stones,#000000,,,467,Stone,,Sarsen,-2.57237,50.68478
Valley of Stones,#000000,,,468,Stone,,Sarsen,-2.57239,50.68474
Valley of Stones,#000000,,,469,Stone,,Sarsen,-2.57242,50.68473
Valley of Stones,#000000,,,470,Stone,,Sarsen,-2.57245,50.68476
Valley of Stones,#000000,,,471,Stone,,Sarsen,-2.57252,50.68478
Valley of Stones,#000000,,,472,Stone,,Sarsen,-2.5726,50.6848
Valley of Stones,#000000,,,473,Stone,,Sarsen,-2.57247,50.68472
Valley of Stones,#000000,,,474,Stone,,Sarsen,-2.57255,50.68473
Valley of Stones,#000000,,,475,Stone,,Sarsen,-2.57269,50.68473
Valley of Stones,#000000,,,476,Stone,,Sarsen,-2.57248,50.68469
Valley of Stones,#000000,,,477,Stone,,Sarsen,-2.57254,50.68468
Valley of Stones,#000000,,,478,Stone,,Sarsen,-2.57261,50.6847
Valley of Stones,#000000,,,479,Stone,,Sarsen,-2.57273,50.68469
Valley of Stones,#000000,,,480,Stone,,Sarsen,-2.57257,50.68465
Valley of Stones,#000000,,,481,Stone,,Sarsen,-2.57259,50.68462
Valley of Stones,#000000,,,482,Stone,,Sarsen,-2.57267,50.68463
Valley of Stones,#000000,,,483,Stone,,Sarsen,-2.57299,50.68463
Valley of Stones,#000000,,,484,Stone,,Sarsen,-2.57222,50.68447
Valley of Stones,#000000,,,485,Stone,,Sarsen,-2.57224,50.68443
Valley of Stones,#000000,,,486,Stone,,Sarsen,-2.57229,50.6844
Valley of Stones,#000000,,,487,Stone,,Sarsen,-2.57241,50.68445
Valley of Stones,#000000,,,488,Stone,,Sarsen,-2.57247,50.68442
Valley of Stones,#000000,,,489,Stone,,Sarsen,-2.57258,50.68448
Valley of Stones,#000000,,,490,Stone,,Sarsen,-2.57256,50.68453
Valley of Stones,#000000,,,491,Stone,,Sarsen,-2.5726,50.68456
Valley of Stones,#000000,,,492,Stone,,Sarsen,-2.57274,50.68458
Valley of Stones,#000000,,,493,Stone,,Sarsen,-2.5727,50.68457
Valley of Stones,#000000,,,494,Stone,,Sarsen,-2.57267,50.68453
Valley of Stones,#000000,,,495,Stone,,Sarsen,-2.57273,50.68452
Valley of Stones,#000000,,,496,Stone,,Sarsen,-2.5727,50.6845
Valley of Stones,#000000,,,497,Stone,,Sarsen,-2.57269,50.68447
Valley of Stones,#000000,,,498,Stone,,Sarsen,-2.57276,50.68442
Valley of Stones,#000000,,,499,Stone,,Sarsen,-2.57277,50.68447
Valley of Stones,#000000,,,500,Stone,,Sarsen,-2.57285,50.68447
Valley of Stones,#000000,,,501,Stone,,Sarsen,-2.57293,50.68445
Valley of Stones,#000000,,,502,Stone,,Sarsen,-2.57294,50.68442
Valley of Stones,#000000,,,503,Stone,,Sarsen,-2.57287,50.68442
Valley of Stones,#000000,,,504,Stone,,Sarsen,-2.57281,50.68439
Valley of Stones,#000000,,,505,Stone,,Sarsen,-2.57279,50.68436
Valley of Stones,#000000,,,506,Stone,,Sarsen,-2.57274,50.68434
Valley of Stones,#000000,,,507,Stone,,Sarsen,-2.5729,50.68436
Valley of Stones,#000000,,,508,Stone,,Sarsen,-2.57303,50.68435
Portesham Hill,#000000,,,509,Stone,,Sarsen,-2.56605,50.682
Portesham Hill,#000000,,,510,Stone,,Sarsen,-2.56603,50.68208
Portesham Hill,#000000,,,511,Stone,,Sarsen,-2.56601,50.68213
Portesham Hill,#000000,,,512,Stone,,Sarsen,-2.5659,50.68243
Portesham Hill,#000000,,,513,Stone,,Sarsen,-2.56571,50.68243
Portesham Hill,#000000,,,514,Stone,,Sarsen,-2.56588,50.6825
Portesham Hill,#000000,,,515,Stone,,Sarsen,-2.56585,50.68257
Portesham Hill,#000000,,,516,Stone,,Sarsen,-2.56584,50.68263
Portesham Hill,#000000,,,517,Stone,,Sarsen,-2.56582,50.68268
Portesham Hill,#000000,,,518,Stone,,Sarsen,-2.56578,50.68277
Portesham Hill,#000000,,,519,Stone,,Sarsen,-2.56577,50.6828
Portesham Hill,#000000,,,520,Stone,,Sarsen,-2.56576,50.68283
Portesham Hill,#000000,,,521,Stone,,Sarsen,-2.56514,50.68314
Portesham Hill,#000000,,,522,Stone,,Sarsen,-2.5652,50.6837
Valley of Stones,#000000,,,523,Stone,,Sarsen,-2.57378,50.68449
Valley of Stones,#000000,,,524,Stone,,Sarsen,-2.57372,50.68447
Valley of Stones,#000000,,,525,Stone,,Sarsen,-2.5737,50.68454
Valley of Stones,#000000,,,526,Stone,,Sarsen,-2.57364,50.68454
Valley of Stones,#000000,,,527,Stone,,Sarsen,-2.57359,50.68452
Valley of Stones,#000000,,,528,Stone,,Sarsen,-2.57367,50.68451
Valley of Stones,#000000,,,529,Stone,,Sarsen,-2.57361,50.6845
Valley of Stones,#000000,,,530,Stone,,Sarsen,-2.57349,50.68423
Valley of Stones,#000000,,,531,Stone,,Sarsen,-2.57342,50.68439
Valley of Stones,#000000,,,532,Stone,,Sarsen,-2.5733,50.68436
Valley of Stones,#000000,,,533,Stone,,Sarsen,-2.57323,50.68431
Valley of Stones,#000000,,,534,Stone,,Sarsen,-2.57316,50.68429
Valley of Stones,#000000,,,535,Stone,,Sarsen,-2.57308,50.6843
Valley of Stones,#000000,,,536,Stone,,Sarsen,-2.57283,50.68429
Valley of Stones,#000000,,,537,Stone,,Sarsen,-2.5729,50.68429
Valley of Stones,#000000,,,538,Stone,,Sarsen,-2.5729,50.68423
Valley of Stones,#000000,,,539,Stone,,Sarsen,-2.57295,50.68427
Valley of Stones,#000000,,,540,Stone,,Sarsen,-2.57297,50.6842
Valley of Stones,#000000,,,541,Stone,,Sarsen,-2.57307,50.68426
Valley of Stones,#000000,,,542,Stone,,Sarsen,-2.57324,50.68424
Valley of Stones,#000000,,,543,Stone,,Sarsen,-2.57316,50.68423
Valley of Stones,#000000,,,544,Stone,,Sarsen,-2.57313,50.68417
Valley of Stones,#000000,,,545,Stone,,Sarsen,-2.57301,50.68422
Valley of Stones,#000000,,,546,Stone,,Sarsen,-2.57306,50.68423
Valley of Stones,#000000,,,547,Stone,,Sarsen,-2.57308,50.6842
Valley of Stones,#000000,,,548,Stone,,Sarsen,-2.57273,50.68415
Valley of Stones,#000000,,,549,Stone,,Sarsen,-2.57278,50.68415
Valley of Stones,#000000,,,550,Stone,,Sarsen,-2.5728,50.68412
Valley of Stones,#000000,,,551,Stone,,Sarsen,-2.57284,50.68415
Punknowle,#000000,,,552,Stone,,Sarsen,-2.64626,50.69879
Punknowle,#000000,,,553,Stone,,Sarsen,-2.6453,50.69865
Punknowle,#000000,,,554,Stone,,Sarsen,-2.64408,50.69834
Punknowle,#000000,,,555,Stone,,Sarsen,-2.64429,50.69902
Punknowle,#000000,,,556,Stone,,Sarsen,-2.64336,50.69937
Punknowle,#000000,,,557,Stone,,Sarsen,-2.64599,50.69997
Punknowle,#000000,,,558,Stone,,Sarsen,-2.64608,50.70011
Punknowle,#000000,,,559,Stone,,Sarsen,-2.6446,50.70033
Punknowle,#000000,,,560,Stone,,Sarsen,-2.64469,50.70048
Punknowle,#000000,,,561,Stone,,Sarsen,-2.64357,50.70061
Punknowle,#000000,,,562,Stone,,Sarsen,-2.64366,50.70074
,#000000,,,563,Stone,,Heathstone,-2.13821,50.70284
,#000000,,,564,Stone,,Heathstone,-2.14229,50.70269
,#000000,,,565,Stone,,Heathstone,-2.14449,50.70261
,#000000,,,566,Stone,,Heathstone,-2.14653,50.70254
,#000000,,,567,Stone,,Heathstone,-2.14813,50.70246
,#000000,,,568,Stone,,Heathstone,-2.14783,50.70246
Eggardon Hill,#000000,,,569,Stone,Outcrop and landslip,Upper Greensand,-2.65404,50.75498
Eggardon Hill,#000000,,,570,Stone,Outcrop and landslip,Upper Greensand,-2.65467,50.75531
Eggardon Hill,#000000,,,571,Stone,Outcrop and landslip,Upper Greensand,-2.65503,50.75526
Eggardon Hill,#000000,,,572,Stone,Outcrop and landslip,Upper Greensand,-2.65498,50.75539
Eggardon Hill,#000000,,,573,Stone,Outcrop and landslip,Upper Greensand,-2.6551,50.75538
Eggardon Hill,#000000,,,574,Stone,Outcrop and landslip,Upper Greensand,-2.65514,50.75545
Eggardon Hill,#000000,,,575,Stone,Outcrop and landslip,Upper Greensand,-2.65515,50.75541
Eggardon Hill,#000000,,,576,Stone,Outcrop and landslip,Upper Greensand,-2.65564,50.7554
Eggardon Hill,#000000,,,577,Stone,Outcrop and landslip,Upper Greensand,-2.65514,50.75559
Eggardon Hill,#000000,,,578,Stone,Outcrop and landslip,Upper Greensand,-2.65521,50.75558
Eggardon Hill,#000000,,,579,Stone,Outcrop and landslip,Upper Greensand,-2.65577,50.75564
Eggardon Hill,#000000,,,580,Stone,Outcrop and landslip,Upper Greensand,-2.65586,50.75554
Eggardon Hill,#000000,,,581,Stone,Outcrop and landslip,Upper Greensand,-2.65595,50.75558
Eggardon Hill,#000000,,,582,Stone,Outcrop and landslip,Upper Greensand,-2.65462,50.75637
Eggardon Hill,#000000,,,583,Stone,Outcrop and landslip,Upper Greensand,-2.65512,50.75631
Eggardon Hill,#000000,,,584,Stone,Outcrop and landslip,Upper Greensand,-2.65508,50.75662
Eggardon Hill,#000000,,,585,Stone,Outcrop and landslip,Upper Greensand,-2.65518,50.75668
Eggardon Hill,#000000,,,586,Stone,Outcrop and landslip,Upper Greensand,-2.65517,50.75662
Eggardon Hill,#000000,,,587,Stone,Outcrop and landslip,Upper Greensand,-2.65629,50.75595
Eggardon Hill,#000000,,,588,Stone,Outcrop and landslip,Upper Greensand,-2.65641,50.75604
Eggardon Hill,#000000,,,589,Stone,Outcrop and landslip,Upper Greensand,-2.65585,50.75622
Eggardon Hill,#000000,,,590,Stone,Outcrop and landslip,Upper Greensand,-2.65617,50.75623
Eggardon Hill,#000000,,,591,Stone,Outcrop and landslip,Upper Greensand,-2.6563,50.75639
Eggardon Hill,#000000,,,592,Stone,Outcrop and landslip,Upper Greensand,-2.65605,50.75628
Eggardon Hill,#000000,,,593,Stone,Outcrop and landslip,Upper Greensand,-2.65578,50.7563
Eggardon Hill,#000000,,,594,Stone,Outcrop and landslip,Upper Greensand,-2.65582,50.75633
Eggardon Hill,#000000,,,595,Stone,Outcrop and landslip,Upper Greensand,-2.65587,50.75634
Eggardon Hill,#000000,,,596,Stone,Outcrop and landslip,Upper Greensand,-2.65582,50.75637
Eggardon Hill,#000000,,,597,Stone,Outcrop and landslip,Upper Greensand,-2.65815,50.75746
Eggardon Hill,#000000,,,598,Stone,Outcrop and landslip,Upper Greensand,-2.65774,50.75671
Eggardon Hill,#000000,,,599,Stone,Outcrop and landslip,Upper Greensand,-2.65792,50.75616
Eggardon Hill,#000000,,,600,Stone,Outcrop and landslip,Upper Greensand,-2.65824,50.75616
Eggardon Hill,#000000,,,601,Stone,Outcrop and landslip,Upper Greensand,-2.65697,50.75558
Eggardon Hill,#000000,,,602,Stone,Outcrop and landslip,Upper Greensand,-2.65703,50.7556
Eggardon Hill,#000000,,,603,Stone,Outcrop and landslip,Upper Greensand,-2.65713,50.75548
Eggardon Hill,#000000,,,604,Stone,Outcrop and landslip,Upper Greensand,-2.65767,50.7554
Eggardon Hill,#000000,,,605,Stone,Outcrop and landslip,Upper Greensand,-2.65758,50.7553
Eggardon Hill,#000000,,,606,Stone,Outcrop and landslip,Upper Greensand,-2.658,50.75529
Wareham,#000000,,,607,Stone,,Heathstone,-2.10086,50.70349
Wareham,#000000,,,608,Stone,,Heathstone,-2.09781,50.70478
Wareham,#000000,,,609,Stone,,Heathstone,-2.09543,50.70607
Wareham,#000000,,,610,Stone,,Heathstone,-2.09366,50.70688
Wareham,#000000,,,611,Stone,,Heathstone,-2.08934,50.70891
Wareham,#000000,,,612,Stone,,Heathstone,-2.08715,50.70996
Wareham,#000000,,,613,Stone,,Heathstone,-2.08507,50.71105
Wareham,#000000,,,614,Stone,,Heathstone,-2.07542,50.71094
Wareham,#000000,,,615,Stone,,Heathstone,-2.07701,50.7115
Wareham,#000000,,,616,Stone,,Heathstone,-2.07793,50.71183
Wareham,#000000,,,617,Stone,,Heathstone,-2.07859,50.71209
Wareham,#000000,,,618,Stone,,Heathstone,-2.07939,50.71236
Wareham,#000000,,,619,Stone,,Heathstone,-2.08032,50.71269
Valley of Stones,#000000,,,620,Stone,,Sarsen,-2.57258,50.68408
Valley of Stones,#000000,,,621,Stone,,Sarsen,-2.57278,50.68405
Valley of Stones,#000000,,,622,Stone,,Sarsen,-2.57309,50.68399
Valley of Stones,#000000,,,623,Stone,,Sarsen,-2.57314,50.68413
Valley of Stones,#000000,,,624,Stone,,Sarsen,-2.57282,50.68389
Valley of Stones,#000000,,,625,Stone,,Sarsen,-2.5727,50.68387
Valley of Stones,#000000,,,626,Stone,,Sarsen,-2.57262,50.68383
Valley of Stones,#000000,,,627,Stone,,Sarsen,-2.57261,50.68376
Valley of Stones,#000000,,,628,Stone,,Sarsen,-2.57272,50.68374
Valley of Stones,#000000,,,629,Stone,,Sarsen,-2.57256,50.68371
Valley of Stones,#000000,,,630,Stone,,Sarsen,-2.57248,50.68369
Valley of Stones,#000000,,,631,Stone,,Sarsen,-2.57242,50.68366
Valley of Stones,#000000,,,632,Stone,,Sarsen,-2.5725,50.68363
Valley of Stones,#000000,,,633,Stone,,Sarsen,-2.57255,50.68367
Valley of Stones,#000000,,,634,Stone,,Sarsen,-2.57258,50.68363
Valley of Stones,#000000,,,635,Stone,,Sarsen,-2.57255,50.68355
Valley of Stones,#000000,,,636,Stone,,Sarsen,-2.57244,50.68356
Valley of Stones,#000000,,,637,Stone,,Sarsen,-2.57243,50.68352
Valley of Stones,#000000,,,638,Stone,,Sarsen,-2.5724,50.68346
Valley of Stones,#000000,,,639,Stone,,Sarsen,-2.57235,50.68344
Valley of Stones,#000000,,,640,Stone,,Sarsen,-2.57242,50.68342
Valley of Stones,#000000,,,641,Stone,,Sarsen,-2.5723,50.68341
Valley of Stones,#000000,,,642,Stone,,Sarsen,-2.57235,50.6834
Valley of Stones,#000000,,,643,Stone,,Sarsen,-2.57229,50.68337
Valley of Stones,#000000,,,644,Stone,,Sarsen,-2.57222,50.68336
Valley of Stones,#000000,,,645,Stone,,Sarsen,-2.57226,50.68334
Valley of Stones,#000000,,,646,Stone,,Sarsen,-2.57243,50.68332
Valley of Stones,#000000,,,647,Stone,,Sarsen,-2.5721,50.68327
Valley of Stones,#000000,,,648,Stone,,Sarsen,-2.57225,50.68325
Valley of Stones,#000000,,,649,Stone,,Sarsen,-2.5721,50.68322
Valley of Stones,#000000,,,650,Stone,,Sarsen,-2.57215,50.68318
Valley of Stones,#000000,,,651,Stone,,Sarsen,-2.57207,50.68315
Valley of Stones,#000000,,,652,Stone,,Sarsen,-2.57202,50.68312
Valley of Stones,#000000,,,653,Stone,,Sarsen,-2.57207,50.68309
Valley of Stones,#000000,,,654,Stone,,Sarsen,-2.57201,50.683
Valley of Stones,#000000,,,655,Stone,,Sarsen,-2.57217,50.6831
Valley of Stones,#000000,,,656,Stone,,Sarsen,-2.57225,50.68311
Valley of Stones,#000000,,,657,Stone,,Sarsen,-2.57225,50.68297
Valley of Stones,#000000,,,658,Stone,,Sarsen,-2.57238,50.68315
Valley of Stones,#000000,,,659,Stone,,Sarsen,-2.57244,50.68319
Valley of Stones,#000000,,,660,Stone,,Sarsen,-2.57243,50.68326
Valley of Stones,#000000,,,661,Stone,,Sarsen,-2.57257,50.68329
Valley of Stones,#000000,,,662,Stone,,Sarsen,-2.57263,50.68309
Valley of Stones,#000000,,,663,Stone,,Sarsen,-2.57245,50.68303
Valley of Stones,#000000,,,664,Stone,,Sarsen,-2.57266,50.68321
Valley of Stones,#000000,,,665,Stone,,Sarsen,-2.57261,50.68336
Valley of Stones,#000000,,,666,Stone,,Sarsen,-2.57281,50.68329
Valley of Stones,#000000,,,667,Stone,,Sarsen,-2.57285,50.68332
Valley of Stones,#000000,,,668,Stone,,Sarsen,-2.57295,50.68327
Valley of Stones,#000000,,,669,Stone,,Sarsen,-2.57262,50.68343
Valley of Stones,#000000,,,670,Stone,,Sarsen,-2.57271,50.68343
Valley of Stones,#000000,,,671,Stone,,Sarsen,-2.57286,50.6834
Valley of Stones,#000000,,,672,Stone,,Sarsen,-2.57299,50.68339
Valley of Stones,#000000,,,673,Stone,,Sarsen,-2.57296,50.68356
Valley of Stones,#000000,,,674,Stone,,Sarsen,-2.57299,50.68364
Valley of Stones,#000000,,,675,Stone,,Sarsen,-2.57308,50.6837
Valley of Stones,#000000,,,676,Stone,,Sarsen,-2.57305,50.68362
Valley of Stones,#000000,,,677,Stone,,Sarsen,-2.57311,50.68359
Valley of Stones,#000000,,,678,Stone,,Sarsen,-2.57321,50.68365
Valley of Stones,#000000,,,679,Stone,,Sarsen,-2.57322,50.68361
Valley of Stones,#000000,,,680,Stone,,Sarsen,-2.57316,50.68358
Valley of Stones,#000000,,,681,Stone,,Sarsen,-2.57313,50.68355
Valley of Stones,#000000,,,682,Stone,,Sarsen,-2.57337,50.68358
Valley of Stones,#000000,,,683,Stone,,Sarsen,-2.57322,50.68351
Valley of Stones,#000000,,,684,Stone,,Sarsen,-2.57318,50.68347
Valley of Stones,#000000,,,685,Stone,,Sarsen,-2.57327,50.68344
Valley of Stones,#000000,,,686,Stone,,Sarsen,-2.57332,50.68348
Valley of Stones,#000000,,,687,Stone,,Sarsen,-2.5734,50.68348
Valley of Stones,#000000,,,688,Stone,,Sarsen,-2.57347,50.6834
Valley of Stones,#000000,,,689,Stone,,Sarsen,-2.5734,50.68337
Valley of Stones,#000000,,,690,Stone,,Sarsen,-2.57339,50.68334
Valley of Stones,#000000,,,691,Stone,,Sarsen,-2.57345,50.68334
Valley of Stones,#000000,,,692,Stone,,Sarsen,-2.57352,50.68338
Valley of Stones,#000000,,,693,Stone,,Sarsen,-2.5736,50.68336
Valley of Stones,#000000,,,694,Stone,,Sarsen,-2.57325,50.68325
Valley of Stones,#000000,,,695,Stone,,Sarsen,-2.5734,50.68324
Valley of Stones,#000000,,,696,Stone,,Sarsen,-2.57367,50.68329
Valley of Stones,#000000,,,697,Stone,,Sarsen,-2.57387,50.68335
Valley of Stones,#000000,,,698,Stone,,Sarsen,-2.574,50.68341
Valley of Stones,#000000,,,699,Stone,,Sarsen,-2.57415,50.68342
Valley of Stones,#000000,,,700,Stone,,Sarsen,-2.57401,50.68338
Valley of Stones,#000000,,,701,Stone,,Sarsen,-2.57369,50.68319
Valley of Stones,#000000,,,702,Stone,,Sarsen,-2.57329,50.68322
Valley of Stones,#000000,,,703,Stone,,Sarsen,-2.57304,50.6832
Valley of Stones,#000000,,,704,Stone,,Sarsen,-2.57307,50.68316
Valley of Stones,#000000,,,705,Stone,,Sarsen,-2.57313,50.68317
Valley of Stones,#000000,,,706,Stone,,Sarsen,-2.57303,50.6831
Valley of Stones,#000000,,,707,Stone,,Sarsen,-2.57292,50.68305
Valley of Stones,#000000,,,708,Stone,,Sarsen,-2.57287,50.68302
Valley of Stones,#000000,,,709,Stone,,Sarsen,-2.5728,50.68297
Valley of Stones,#000000,,,710,Stone,,Sarsen,-2.5726,50.683
Valley of Stones,#000000,,,711,Stone,,Sarsen,-2.57318,50.68318
Valley of Stones,#000000,,,712,Stone,,Sarsen,-2.57325,50.68318
Valley of Stones,#000000,,,713,Stone,,Sarsen,-2.57323,50.68315
Valley of Stones,#000000,,,714,Stone,,Sarsen,-2.57312,50.68305
Valley of Stones,#000000,,,715,Stone,,Sarsen,-2.57323,50.68306
Valley of Stones,#000000,,,716,Stone,,Sarsen,-2.57347,50.68307
Valley of Stones,#000000,,,717,Stone,,Sarsen,-2.57339,50.68304
Valley of Stones,#000000,,,718,Stone,,Sarsen,-2.57373,50.68309
Valley of Stones,#000000,,,719,Stone,,Sarsen,-2.57383,50.68301
Valley of Stones,#000000,,,720,Stone,,Sarsen,-2.57402,50.6831
Valley of Stones,#000000,,,721,Stone,,Sarsen,-2.57413,50.68306
Valley of Stones,#000000,,,722,Stone,,Sarsen,-2.57352,50.68289
Valley of Stones,#000000,,,723,Stone,,Sarsen,-2.57383,50.68279
Valley of Stones,#000000,,,724,Stone,,Sarsen,-2.5739,50.68279
Valley of Stones,#000000,,,725,Stone,,Sarsen,-2.57304,50.68295
Valley of Stones,#000000,,,726,Stone,,Sarsen,-2.57429,50.68314
Valley of Stones,#000000,,,727,Stone,,Sarsen,-2.57424,50.68293
Valley of Stones,#000000,,,728,Stone,,Sarsen,-2.5743,50.68311
Valley of Stones,#000000,,,729,Stone,,Sarsen,-2.57453,50.68306
Valley of Stones,#000000,,,730,Stone,,Sarsen,-2.57433,50.68294
Valley of Stones,#000000,,,731,Stone,,Sarsen,-2.57475,50.68301
Valley of Stones,#000000,,,732,Stone,,Sarsen,-2.57478,50.68294
Valley of Stones,#000000,,,733,Stone,,Sarsen,-2.57463,50.6828
Valley of Stones,#000000,,,734,Stone,,Sarsen,-2.57448,50.68286
Valley of Stones,#000000,,,735,Stone,,Sarsen,-2.5744,50.68286
Valley of Stones,#000000,,,736,Stone,,Sarsen,-2.57455,50.68284
Valley of Stones,#000000,,,737,Stone,,Sarsen,-2.57449,50.68283
Valley of Stones,#000000,,,738,Stone,,Sarsen,-2.57444,50.6828
Valley of Stones,#000000,,,739,Stone,,Sarsen,-2.57441,50.68271
Valley of Stones,#000000,,,740,Stone,,Sarsen,-2.57419,50.68271
Valley of Stones,#000000,,,741,Stone,,Sarsen,-2.57422,50.68264
Valley of Stones,#000000,,,742,Stone,,Sarsen,-2.57403,50.6827
Valley of Stones,#000000,,,743,Stone,,Sarsen,-2.57386,50.6827
Valley of Stones,#000000,,,744,Stone,,Sarsen,-2.57369,50.68253
Valley of Stones,#000000,,,745,Stone,,Sarsen,-2.57371,50.68243
Valley of Stones,#000000,,,746,Stone,,Sarsen,-2.5736,50.68235
Valley of Stones,#000000,,,747,Stone,,Sarsen,-2.57375,50.68394
Valley of Stones,#000000,,,748,Stone,,Sarsen,-2.57376,50.6839
Valley of Stones,#000000,,,749,Stone,,Sarsen,-2.5737,50.68389
Valley of Stones,#000000,,,750,Stone,,Sarsen,-2.57367,50.68387
Valley of Stones,#000000,,,751,Stone,,Sarsen,-2.57357,50.68383
Valley of Stones,#000000,,,752,Stone,,Sarsen,-2.57347,50.6839
Valley of Stones,#000000,,,753,Stone,,Sarsen,-2.5735,50.68394
Valley of Stones,#000000,,,754,Stone,,Sarsen,-2.57355,50.68391
Valley of Stones,#000000,,,755,Stone,,Sarsen,-2.57358,50.68393
Valley of Stones,#000000,,,756,Stone,,Sarsen,-2.57359,50.68396
Valley of Stones,#000000,,,757,Stone,,Sarsen,-2.57363,50.68394
Valley of Stones,#000000,,,758,Stone,,Sarsen,-2.57405,50.684
Valley of Stones,#000000,,,759,Stone,,Sarsen,-2.57426,50.68384
Valley of Stones,#000000,,,760,Stone,,Sarsen,-2.57349,50.68399
Valley of Stones,#000000,,,761,Stone,,Sarsen,-2.57337,50.68399
Valley of Stones,#000000,,,762,Stone,,Sarsen,-2.57329,50.684
Valley of Stones,#000000,,,763,Stone,,Sarsen,-2.57343,50.68401
Valley of Stones,#000000,,,764,Stone,,Sarsen,-2.57338,50.68402
Valley of Stones,#000000,,,765,Stone,,Sarsen,-2.57333,50.68403
Valley of Stones,#000000,,,766,Stone,,Sarsen,-2.57328,50.68404
Valley of Stones,#000000,,,767,Stone,,Sarsen,-2.57324,50.68408
Valley of Stones,#000000,,,768,Stone,,Sarsen,-2.57334,50.68407
Valley of Stones,#000000,,,769,Stone,,Sarsen,-2.5734,50.68406
Valley of Stones,#000000,,,770,Stone,,Sarsen,-2.57347,50.68408
Valley of Stones,#000000,,,771,Stone,,Sarsen,-2.57352,50.68405
Valley of Stones,#000000,,,772,Stone,,Sarsen,-2.575,50.68314
Valley of Stones,#000000,,,773,Stone,,Sarsen,-2.57506,50.68318
Valley of Stones,#000000,,,774,Stone,,Sarsen,-2.57523,50.68325
Valley of Stones,#000000,,,775,Stone,,Sarsen,-2.57528,50.68328
Valley of Stones,#000000,,,776,Stone,,Sarsen,-2.57494,50.68334
Valley of Stones,#000000,,,777,Stone,,Sarsen,-2.57466,50.68341
Valley of Stones,#000000,,,778,Stone,,Sarsen,-2.57417,50.68328
Valley of Stones,#000000,,,779,Stone,,Sarsen,-2.57421,50.68336
Valley of Stones,#000000,,,780,Stone,,Sarsen,-2.57425,50.68333
Valley of Stones,#000000,,,781,Stone,,Sarsen,-2.57429,50.68328
Valley of Stones,#000000,,,782,Stone,,Sarsen,-2.57433,50.68325
Valley of Stones,#000000,,,783,Stone,,Sarsen,-2.57436,50.68328
Valley of Stones,#000000,,,784,Stone,,Sarsen,-2.57432,50.68337
Valley of Stones,#000000,,,785,Stone,,Sarsen,-2.57437,50.68337
Valley of Stones,#000000,,,786,Stone,,Sarsen,-2.57425,50.68351
Valley of Stones,#000000,,,787,Stone,,Sarsen,-2.57438,50.68355
Valley of Stones,#000000,,,788,Stone,,Sarsen,-2.57439,50.68351
Valley of Stones,#000000,,,789,Stone,,Sarsen,-2.57461,50.68349
Valley of Stones,#000000,,,790,Stone,,Sarsen,-2.57456,50.6835
Valley of Stones,#000000,,,791,Stone,,Sarsen,-2.57458,50.68354
Valley of Stones,#000000,,,792,Stone,,Sarsen,-2.57495,50.68355
Valley of Stones,#000000,,,793,Stone,,Sarsen,-2.57505,50.68365
Valley of Stones,#000000,,,794,Stone,,Sarsen,-2.57441,50.68364
Valley of Stones,#000000,,,795,Stone,,Sarsen,-2.57431,50.68358
Valley of Stones,#000000,,,796,Stone,,Sarsen,-2.57429,50.6836
Valley of Stones,#000000,,,797,Stone,,Sarsen,-2.57424,50.68362
Valley of Stones,#000000,,,798,Stone,,Sarsen,-2.57418,50.68363
Valley of Stones,#000000,,,799,Stone,,Sarsen,-2.57423,50.68377
Valley of Stones,#000000,,,800,Stone,,Sarsen,-2.57415,50.68359
Valley of Stones,#000000,,,801,Stone,,Sarsen,-2.57409,50.68358
Valley of Stones,#000000,,,802,Stone,,Sarsen,-2.57407,50.68361
Valley of Stones,#000000,,,803,Stone,,Sarsen,-2.57403,50.68364
Valley of Stones,#000000,,,804,Stone,,Sarsen,-2.57402,50.68368
Valley of Stones,#000000,,,805,Stone,,Sarsen,-2.57409,50.68369
Valley of Stones,#000000,,,806,Stone,,Sarsen,-2.57416,50.68367
Valley of Stones,#000000,,,807,Stone,,Sarsen,-2.57422,50.68366
Valley of Stones,#000000,,,808,Stone,,Sarsen,-2.57372,50.68364
Valley of Stones,#000000,,,809,Stone,,Sarsen,-2.5737,50.68367
Valley of Stones,#000000,,,810,Stone,,Sarsen,-2.57367,50.68374
Valley of Stones,#000000,,,811,Stone,,Sarsen,-2.57379,50.68373
Valley of Stones,#000000,,,812,Stone,,Sarsen,-2.57383,50.68371
Valley of Stones,#000000,,,813,Stone,,Sarsen,-2.5739,50.6837
Valley of Stones,#000000,,,814,Stone,,Sarsen,-2.57402,50.68375
Valley of Stones,#000000,,,815,Stone,,Sarsen,-2.57397,50.68376
Valley of Stones,#000000,,,816,Stone,,Sarsen,-2.5739,50.68376
Valley of Stones,#000000,,,817,Stone,,Sarsen,-2.57385,50.6838
Valley of Stones,#000000,,,818,Stone,,Sarsen,-2.57377,50.68378
Valley of Stones,#000000,,,819,Stone,,Sarsen,-2.57368,50.68379
Valley of Stones,#000000,,,820,Stone,,Sarsen,-2.57439,50.68396
Valley of Stones,#000000,,,821,Stone,,Sarsen,-2.5728,50.68268
Valley of Stones,#000000,,,822,Stone,,Sarsen,-2.57279,50.68261
Valley of Stones,#000000,,,823,Stone,,Sarsen,-2.57273,50.68259
Valley of Stones,#000000,,,824,Stone,,Sarsen,-2.57268,50.68256
Valley of Stones,#000000,,,825,Stone,,Sarsen,-2.57275,50.68249
Valley of Stones,#000000,,,826,Stone,,Sarsen,-2.5732,50.6826
Valley of Stones,#000000,,,827,Stone,,Sarsen,-2.57342,50.6826
Valley of Stones,#000000,,,828,Stone,,Sarsen,-2.57338,50.68264
Valley of Stones,#000000,,,829,Stone,,Sarsen,-2.5728,50.68278
Valley of Stones,#000000,,,830,Stone,,Sarsen,-2.57291,50.68279
Valley of Stones,#000000,,,831,Stone,,Sarsen,-2.57301,50.68276
Valley of Stones,#000000,,,832,Stone,,Sarsen,-2.57324,50.68272
Valley of Stones,#000000,,,833,Stone,,Sarsen,-2.57322,50.68276
Valley of Stones,#000000,,,834,Stone,,Sarsen,-2.57333,50.68271
Valley of Stones,#000000,,,835,Stone,,Sarsen,-2.57333,50.68277
Valley of Stones,#000000,,,836,Stone,,Sarsen,-2.57325,50.68281
Valley of Stones,#000000,,,837,Stone,,Sarsen,-2.57333,50.68282
Valley of Stones,#000000,,,838,Stone,,Sarsen,-2.57345,50.68281
Valley of Stones,#000000,,,839,Stone,,Sarsen,-2.57352,50.68273
Valley of Stones,#000000,,,840,Stone,,Sarsen,-2.57295,50.68296
Valley of Stones,#000000,,,841,Stone,,Sarsen,-2.57296,50.68292
Valley of Stones,#000000,,,842,Stone,,Sarsen,-2.57298,50.68288
Valley of Stones,#000000,,,843,Stone,,Sarsen,-2.57289,50.68285
Valley of Stones,#000000,,,844,Stone,,Sarsen,-2.57265,50.68285
Valley of Stones,#000000,,,845,Stone,,Sarsen,-2.57249,50.68281
Valley of Stones,#000000,,,846,Stone,,Sarsen,-2.57253,50.68286
Valley of Stones,#000000,,,847,Stone,,Sarsen,-2.57242,50.68289
Valley of Stones,#000000,,,848,Stone,,Sarsen,-2.57241,50.68284
Valley of Stones,#000000,,,849,Stone,,Sarsen,-2.57235,50.68283
Valley of Stones,#000000,,,850,Stone,,Sarsen,-2.57221,50.68285
Valley of Stones,#000000,,,851,Stone,,Sarsen,-2.57231,50.68277
Valley of Stones,#000000,,,852,Stone,,Sarsen,-2.57223,50.68271
Valley of Stones,#000000,,,853,Stone,,Sarsen,-2.57229,50.68259
Valley of Stones,#000000,,,854,Stone,,Sarsen,-2.57216,50.68292
Valley of Stones,#000000,,,855,Stone,,Sarsen,-2.5723,50.68291
Valley of Stones,#000000,,,856,Stone,,Sarsen,-2.57237,50.68299
Valley of Stones,#000000,,,857,Stone,,Sarsen,-2.57235,50.68294
Valley of Stones,#000000,,,858,Stone,,Sarsen,-2.57245,50.68294
Valley of Stones,#000000,,,859,Stone,,Sarsen,-2.57254,50.68293
Valley of Stones,#000000,,,860,Stone,,Sarsen,-2.5725,50.68299
Valley of Stones,#000000,,,861,Stone,,Sarsen,-2.57185,50.68281
Valley of Stones,#000000,,,862,Stone,,Sarsen,-2.57178,50.68285
Valley of Stones,#000000,,,863,Stone,,Sarsen,-2.57156,50.68283
Valley of Stones,#000000,,,864,Stone,,Sarsen,-2.57154,50.68293
Valley of Stones,#000000,,,865,Stone,,Sarsen,-2.57162,50.68295
Valley of Stones,#000000,,,866,Stone,,Sarsen,-2.57169,50.68292
Valley of Stones,#000000,,,867,Stone,,Sarsen,-2.57174,50.6829
Valley of Stones,#000000,,,868,Stone,,Sarsen,-2.5718,50.68295
Valley of Stones,#000000,,,869,Stone,,Sarsen,-2.57185,50.68291
Valley of Stones,#000000,,,870,Stone,,Sarsen,-2.57194,50.68292
Valley of Stones,#000000,,,871,Stone,,Sarsen,-2.57186,50.68286
Valley of Stones,#000000,,,872,Stone,,Sarsen,-2.5716,50.68299
Valley of Stones,#000000,,,873,Stone,,Sarsen,-2.5722,50.68253
Valley of Stones,#000000,,,874,Stone,,Sarsen,-2.5687,50.68664
Valley of Stones,#000000,,,875,Stone,,Sarsen,-2.56864,50.68664
,#000000,,,876,Stone,,Heathstone,-1.9937,50.64114
Winterborne St. Martin,#000000,,,877,Stone,,Sarsen,-2.50198,50.69998
Black Down Barn,#000000,,,878,Stone,,Sarsen,-2.54623,50.67817
Two Gates,#000000,,,879,Cromlech,Chambered Long Barrow,Sarsen,-2.63228,50.7418
Two Gates,#000000,,,880,Cromlech,Chambered Long Barrow?,Sarsen,-2.63223,50.74178
,#000000,,,881,Stone,,Sarsen,-2.59796,50.73251
,#000000,,,882,Stone,,Sarsen,-2.59761,50.73221
,#000000,,,883,Stone,,Sarsen,-2.57063,50.70592
,#000000,,,884,Stone,,Sarsen,-2.57065,50.70595
,#000000,,,885,Stone,,Sarsen,-2.5706,50.70593
Little Mayne,#000000,,,886,Stone,Boulder field ,Sarsen,-2.3953,50.68253
Little Mayne,#000000,,,887,Stone,Boulder field ,Sarsen,-2.3954,50.68265
Little Mayne,#000000,,,888,Stone,Boulder field ,Sarsen,-2.3955,50.68274
Little Mayne,#000000,,,889,Stone,Boulder field ,Sarsen,-2.39549,50.68278
Little Mayne,#000000,,,890,Stone,Boulder field ,Sarsen,-2.39553,50.68279
Little Mayne,#000000,,,891,Stone,Boulder field ,Sarsen,-2.39555,50.68283
Little Mayne,#000000,,,892,Stone,Boulder field ,Sarsen,-2.39557,50.68283
Little Mayne,#000000,,,893,Stone,Boulder field ,Sarsen,-2.3956,50.68282
Little Mayne,#000000,,,894,Stone,Boulder field ,Sarsen,-2.39566,50.68289
Little Mayne,#000000,,,895,Stone,Boulder field ,Sarsen,-2.39377,50.68323
Little Maybe,#000000,,,896,Stone,Boulder field ,Sarsen,-2.39362,50.68349
,#000000,,,897,Stone,,Heathstone,-2.15021,50.67739
,#000000,,,898,Stone,,Heathstone,-2.15216,50.67722
,#000000,,,899,Stone,,Upper Greensand,-2.08724,50.64005
,#000000,,,900,Stone,,Upper Greensand,-2.08951,50.64058
,#000000,,,901,Stone,,Upper Greensand,-2.08744,50.64072
,#000000,,,902,Stone,,Upper Greensand,-2.084,50.64096
,#000000,,,903,Stone,,Upper Greensand,-2.08695,50.63919
,#000000,,,904,Stone,,Upper Greensand,-2.08797,50.6392
,#000000,,,905,Stone,,Upper Greensand,-2.0835,50.6393
,#000000,,,906,Stone,,Upper Greensand,-2.08909,50.63915
,#000000,,,907,Stone,,Upper Greensand,-2.08382,50.64025
,#000000,,,908,Stone,,Heathstone,-2.08745,50.64296
,#000000,,,909,Stone,,Heathstone,-2.08711,50.643
,#000000,,,910,Stone,,Heathstone,-2.08743,50.64381
,#000000,,,911,Stone,,Heathstone,-2.08677,50.64477
,#000000,,,912,Stone,,Heathstone,-2.0635,50.64187
,#000000,,,913,Stone,,Unknown,-1.97046,50.6279
,#000000,,,914,Stone,,Unknown,-1.971,50.6284
,#000000,,,915,Stone,,Unknown,-1.97147,50.62907
,#000000,,,916,Stone,,Unknown,-1.97075,50.62877
,#000000,,,917,Stone,,Unknown,-1.97064,50.62893
,#000000,,,918,Stone,,Unknown,-1.97044,50.62915
,#000000,,,919,Stone,,Unknown,-1.97198,50.62862
,#000000,,,920,Stone,,Unknown,-1.97024,50.62939
,#000000,,,921,Stone,,Unknown,-1.97004,50.62963
,#000000,,,922,Stone,,Unknown,-1.97129,50.62929
,#000000,,,923,Stone,,Unknown,-1.9711,50.62952
,#000000,,,924,Stone,,Unknown,-1.97091,50.62974
,#000000,,,925,Stone,,Unknown,-1.96984,50.62989
,#000000,,,926,Stone,,Unknown,-1.97071,50.62998
,#000000,,,927,Stone,,Unknown,-1.96965,50.63013
,#000000,,,928,Stone,,Unknown,-1.96947,50.63038
,#000000,,,929,Stone,,Unknown,-1.97034,50.63044
,#000000,,,930,Stone,,Unknown,-1.97053,50.63021
,#000000,,,931,Stone,,Unknown,-1.96933,50.63062
,#000000,,,932,Stone,,Unknown,-1.9692,50.63087
,#000000,,,933,Stone,,Unknown,-1.96908,50.63111
,#000000,,,934,Stone,,Unknown,-1.96895,50.63137
,#000000,,,935,Stone,,Unknown,-1.96936,50.63142
,#000000,,,937,Stone,,Unknown,-1.96993,50.63119
,#000000,,,938,Stone,,Unknown,-1.97004,50.63095
,#000000,,,939,Stone,,Unknown,-1.97017,50.6307
,#000000,,,940,Stone seat,,Unknown,-1.95402,50.63148
,#000000,,,941,Stone,,Unknown,-1.9678,50.63278
,#000000,,,942,Stone,,Sarsen,-2.08342,50.79231
,#000000,,,943,Stone,,Sarsen,-2.08948,50.79067
,#000000,,,944,Stone,,Sarsen,-2.09016,50.79125
,#000000,,,945,Stone,,Sarsen,-2.11276,50.79082
,#000000,,,946,Stone,,Sarsen,-2.11361,50.79068
,#000000,,,947,Cromlech,Chambered Long Barrow?,Sarsen,-2.63764,50.72423
,#000000,,,948,Stone,,Sarsen,-2.53833,50.68953
,#000000,,,949,Stone,,Sarsen,-2.53854,50.69014
,#000000,,,950,Stone,,Sarsen,-2.60967,50.71999
,#000000,,,951,Stone,,Sarsen,-2.62539,50.72689
Deverel Barrow,#000000,,,952,Stone,,Sarsen,-2.25684,50.79028
,#080808,,,953,Stone,,Heathstone,-2.11078,50.70813
,#000000,,,954,Stone,,Heathstone,-2.10295,50.70701
,#000000,,,955,Stone,,Heathstone,-2.1024,50.70787
,#000000,,,956,Stone,,Heathstone,-2.10186,50.70873
,#000000,,,957,Stone,,Heathstone,-2.10189,50.71061
,#000000,,,958,Stone,,Heathstone,-2.10131,50.71199
,#000000,,,959,Stone,,Heathstone,-2.10068,50.7134
,#000000,,,960,Stone,,Heathstone,-2.10015,50.7142
,#000000,,,961,Stone,,Heathstone,-2.10005,50.71456
Wareham,#000000,,,962,Stone,,Heathstone,-2.08805,50.70949
Wareham,#000000,,,963,Stone,,Heathstone,-2.10705,50.70103
,#000000,,,964,Stone,,Heathstone,-2.11447,50.66659
,#000000,,,965,Stone,,Heathstone,-2.12266,50.66794
,#000000,,,966,Stone,,Heathstone,-2.0633,50.66891
,#000000,,,967,Stone,,Heathstone,-2.05468,50.65582
,#000000,,,968,Stone,,Heathstone,-2.05438,50.65534
,#000000,,,969,Stone,,Heathstone,-2.05407,50.65477
,#000000,,,970,Stone,,Heathstone,-2.05231,50.65456
,#000000,,,971,Stone,,Heathstone,-2.05516,50.65569
,#000000,,,972,Stone,,Heathstone,-2.05091,50.6556
,#000000,,,973,Stone,,Heathstone,-2.05095,50.65645
,#000000,,,974,Stone,,Heathstone,-2.04962,50.65712
,#000000,,,975,Stone,,Heathstone,-2.04874,50.65724
,#000000,,,976,Stone,,Heathstone,-2.04973,50.65778
,#000000,,,977,Stone,,Heathstone,-2.05531,50.65844
,#000000,,,978,Stone,,Heathstone,-2.04957,50.65581
,#000000,,,979,Stone,,Heathstone,-2.04991,50.65593
,#000000,,,980,Stone,,Heathstone,-2.05876,50.75255
,#000000,,,981,Stone,,Heathstone,-2.05856,50.75286
,#000000,,,982,Stone,,Heathstone,-2.05845,50.75364
,#000000,,,983,Stone,,H,-2.05833,50.75415
,#000000,,,984,Stone,,Heathstone,-2.05827,50.75435
,#000000,,,985,Stone,,Heathstone,-2.05809,50.75486
,#000000,,,986,Stone,,Heathstone,-2.05786,50.75518
,#000000,,,987,Stone,,Heathstone,-2.05542,50.75605
,#000000,,,988,Stone,,Heathstone,-2.0507,50.75305
Wareham,#000000,,,989,Stone,,Heathstone,-2.10751,50.70111
,#000000,,,990,Stone,,Unknown,-2.08998,50.60391
,#000000,,,991,Stone,,Unknown,-2.08356,50.6001
,#000000,,,992,Stone,,Unknown,-2.081,50.59662
,#000000,,,993,Stone,,Unknown,-2.08132,50.59573
,#000000,,,994,Stone,,Unknown,-2.08021,50.59932
,#000000,,,995,Stone,,Unknown,-2.08883,50.60061
,#000000,,,996,Stone,,Unknown,-2.08681,50.60219
,#000000,,,997,Stone,,Unknown,-2.11311,50.60714
,#000000,,,998,Stone,,Sarsen,-2.25116,50.64708
,,,,999,Stone,,Sarsen,-2.4066,50.69754
Limekiln Crags,#000000,,,1000,Stone,,Upper Greensand,-2.60589,50.67261
Limekiln Crags,#000000,,,1001,Stone,Landslip,Upper Greensand,-2.59339,50.67111
Limekiln Crags,#000000,,,1002,Stone,,Portland Sand,-2.59074,50.67051
Limekiln Crags,#000000,,,1003,Stone,,Upper Greensand,-2.5865,50.66988
Hampton Barrn,#000000,,,1004,Stone,,Sarsen,-2.57285,50.68011
Hampton Barn,#000000,,,1005,Stone,,Sarsen,-2.57276,50.68011
Hampton Down Stone Circle,#000000,,,1006,Stone circle,,Sarsen,-2.57305,50.67677
Hampton Down Stone Circle,#000000,,,1007,Stone circle,,Sarsen,-2.57302,50.67676
Hampton Down Stone Circle,#000000,,,1008,Stone circle,,Sarsen,-2.573,50.67675
Hampton Down Stone Circle,#000000,,,1009,Stone circle,,Sarsen,-2.57298,50.67676
Hampton Down Stone Circle,#000000,,,1010,Stone circle,,Sarsen,-2.57297,50.67677
Hampton Down Stone Circle,#000000,,,1011,Stone circle,,Sarsen,-2.57297,50.67682
Hampton Down Stone Circle,#000000,,,1012,Stone circle,,Sarsen,-2.57299,50.67683
Hampton Down Stone Circle,#000000,,,1013,Stone circle,,Sarsen,-2.57304,50.67681
East Shivinghamton,#000000,,,1014,Stone,"Omington Oolite? limestone, marking limit of shallow quarrying",Corallian Limestone,-2.52836,50.65555
Limekiln Crags,#000000,,,1015,Stone,,Upper Greensand,-2.5833,50.67089
,#000000,,,1016,Stone,,Heathstone,-2.05912,50.77781
,#000000,,,1017,Stone,,Heathstone,-2.05992,50.77628
,#000000,,,1018,Stone,,Heathstone,-2.05762,50.77213
,#000000,,,1019,Stone,,Sarsen,-2.37126,50.79501
,#000000,,,1020,Stone,,Sarsen,-2.62016,50.73977
,#000000,,,1021,Stone,,Sarsen,-2.62012,50.73966
,#000000,,,1022,Stone,,Sarsen,-2.62008,50.73954
,#000000,,,1023,Stone,,Sarsen,-2.21714,50.6513
,#000000,,,1024,Stone,,Sarsen,-2.35908,50.63432
,#000000,,,1025,Stone,,Unknown,-2.4721,50.58579
,#000000,,,1026,Stone,,Unknown,-2.47201,50.58555
,#000000,,,1027,Stone,,Unknown,-2.4448,50.56782
,#000000,,,1028,Stone,,Unknown,-2.44476,50.56777
,#000000,,,1029,Stone,,Unknown,-2.44468,50.5677
,#000000,,,1030,Stone,,Unknown,-2.44459,50.56756
,#000000,,,1031,Stone,,Unknown,-2.44452,50.56749
,#000000,,,1032,Stone,,Unknown,-2.44441,50.56739
,#000000,,,1033,Stone,,Unknown,-2.44491,50.56505
,#000000,,,1034,Stone,,Unknown,-2.44478,50.56524
,#000000,,,1035,Stone,,Unknown,-2.44561,50.56462
,#000000,,,1036,Stone,,Unknown,-2.44364,50.56607
,#000000,,,1037,Stone,,Unknown,-2.4424,50.56471
,#000000,,,1038,Stone,,Unknown,-2.44204,50.56437
,#000000,,,1039,Stone,,Unknown,-2.44085,50.56481
,#000000,,,1040,Stone,,Unknown,-2.44157,50.56356
,#000000,,,1041,Stone,,Unknown,-2.4414,50.56365
,#000000,,,1042,Stone,,Unknown,-2.44064,50.5638
,#000000,,,1043,Stone,,Unknown,-2.43995,50.56379
,#000000,,,1044,Stone,,Unknown,-2.44176,50.56404
,#000000,,,1045,Stone,,Unknown,-2.44645,50.56446
,#000000,,,1046,Stone,,Unknown,-2.44668,50.56303
,#000000,,,1047,Stone,,Unknown,-2.44109,50.56301
,#000000,,,1048,Stone,,Unknown,-2.44076,50.56095
,#000000,,,1049,Stone,,Unknown,-2.43609,50.55952
,#000000,,,1050,Stone,,Unknown,-2.43363,50.55682
,#000000,,,1051,Stone,,Unknown,-2.43337,50.5564
,#000000,,,1052,Stone,,Unknown,-2.43376,50.55724
,#000000,,,1053,Stone,,Unknown,-2.44216,50.55121
,#000000,,,1054,Stone,,Unknown,-2.44206,50.55134
,#000000,,,1055,Stone,,Unknown,-2.4419,50.5522
,#000000,,,1056,Stone,,Unknown,-2.44685,50.55314
,#000000,,,1057,Stone,,Unknown,-2.44669,50.55338
,#000000,,,1058,Stone,,Unknown,-2.44681,50.55351
,#000000,,,1059,Stone,,Unknown,-2.4468,50.55345
,#000000,,,1060,Stone,,Unknown,-2.44679,50.5534
,#000000,,,1061,Stone,,Unknown,-2.4456,50.55454
,#000000,,,1062,Stone,,Unknown,-2.445,50.55461
,#000000,,,1063,Stone,,Unknown,-2.445,50.55453
,#000000,,,1064,Stone,,Unknown,-2.44497,50.55445
,#000000,,,1065,Stone,,Unknown,-2.44497,50.55436
,#000000,,,1066,Stone,,Unknown,-2.44496,50.55427
,#000000,,,1067,Stone,,Unknown,-2.44495,50.55419
,#000000,,,1068,Stone,,Unknown,-2.44494,50.5541
,#000000,,,1069,Stone,,Unknown,-2.4469,50.55292
,#000000,,,1070,Stone,,Unknown,-2.44695,50.55274
,#000000,,,1071,Stone,,Unknown,-2.44832,50.54759
,#000000,,,1072,Stone,,Unknown,-2.45477,50.52948
,#000000,,,1073,Stone,,Unknown,-2.45409,50.52917
,#000000,,,1074,Stone,,Unknown,-2.45305,50.52893
,#000000,,,1075,Stone,,Unknown,-2.45274,50.52903
,#000000,,,1076,Stone,,Unknown,-2.45467,50.5266
,#000000,,,1077,Stone,,Unknown,-2.45308,50.52696
,#000000,,,1078,Stone,,Unknown,-2.45276,50.52696
,#000000,,,1079,Stone,,Unknown,-2.45489,50.52578
,#000000,,,1080,Stone,,Unknown,-2.45492,50.52515
,#000000,,,1081,Stone,,Unknown,-2.45533,50.52438
,#000000,,,1082,Stone,,Unknown,-2.45563,50.52389
,#000000,,,1083,Stone,,Unknown,-2.45585,50.52352
,#000000,,,1084,Stone,,Unknown,-2.45609,50.52321
,#000000,,,1085,Stone,,Unknown,-2.45642,50.5224
,#000000,,,1086,Stone,,Unknown,-2.45542,50.52242
,#000000,,,1087,Stone,,Unknown,-2.4554,50.52227
,#000000,,,1088,Stone,,Unknown,-2.45552,50.52223
,#000000,,,1089,Stone,,Unknown,-2.45683,50.52152
,#000000,,,1090,Stone,,Unknown,-2.45756,50.52145
,#000000,,,1091,Stone,,Unknown,-2.45598,50.52151
,#000000,,,1092,Stone,,Unknown,-2.45597,50.52146
,#000000,,,1093,Stone,,Unknown,-2.45596,50.52141
,#000000,,,1094,Stone,,Unknown,-2.45739,50.52118
,#000000,,,1095,Stone,,Unknown,-2.45668,50.52114
,#000000,,,1096,Stone,,Unknown,-2.45733,50.52101
,#000000,,,1097,Stone,,Unknown,-2.45739,50.521
,#000000,,,1098,Stone,,Unknown,-2.45566,50.52061
,#000000,,,1099,Stone,,Unknown,-2.45625,50.52048
,#000000,,,1100,Stone,,Unknown,-2.45545,50.52032
,#000000,,,1101,Stone,,Unknown,-2.45514,50.51988
,#000000,,,1102,Stone,,Unknown,-2.45574,50.5198
,#000000,,,1103,Stone,,Unknown,-2.45607,50.51973
,#000000,,,1104,Stone,,Unknown,-2.45676,50.51954
,#000000,,,1105,Stone,,Unknown,-2.45539,50.51931
,#000000,,,1106,Stone,,Unknown,-2.45482,50.51945
,#000000,,,1107,Stone,,Unknown,-2.45431,50.51939
,#000000,,,1108,Stone,,Unknown,-2.45644,50.51906
,#000000,,,1109,Stone,,Unknown,-2.45773,50.51892
,#000000,,,1110,Stone,,Unknown,-2.45912,50.51899
,#000000,,,1111,Stone,,Unknown,-2.45953470468521,50.51814571246
,#000000,,,1112,Stone,,Unknown,-2.45958,50.5179
,#000000,,,1113,Stone,,Unknown,-2.45962,50.51779
,#000000,,,1114,Stone,,Unknown,-2.4593,50.51747
,#000000,,,1115,Stone,,Unknown,-2.45964,50.51746
,#000000,,,1116,Stone,,Unknown,-2.45963931083679,50.5174208952411
,#000000,,,1117,Stone,,Unknown,-2.45891,50.51678
,#000000,,,1118,Stone,,Unknown,-2.45939,50.51671
,#000000,,,1119,Stone,,Unknown,-2.45939,50.51668
,#000000,,,1120,Stone,,Unknown,-2.45032,50.5282
,#000000,,,1121,Stone,,Unknown,-2.45106,50.52247
,#000000,,,1122,Stone,,Unknown,-2.45091,50.52166
,#000000,,,1123,Stone,,Unknown,-2.4509,50.52161
,#000000,,,1124,Stone,,Unknown,-2.44678,50.51937
,#000000,,,1125,Stone,,Unknown,-2.44472,50.52
,#000000,,,1126,Stone,,Unknown,-2.44392,50.52038
,#000000,,,1127,Stone,,Unknown,-2.44342,50.52078
,#000000,,,1128,Stone,,Unknown,-2.44311,50.52096
,#000000,,,1129,Stone,,Unknown,-2.44204,50.52327
,#000000,,,1130,Stone,,Unknown,-2.44284,50.52195
,#000000,,,1131,Stone,,Unknown,-2.44291,50.52153
,#000000,,,1132,Stone,,Unknown,-2.44406,50.52565
,#000000,,,1133,Stone,,Unknown,-2.44414,50.52568
,#000000,,,1134,Stone,,Unknown,-2.44339,50.52688
,#000000,,,1135,Stone,,Unknown,-2.44351,50.52689
,#000000,,,1136,Stone,,Unknown,-2.42901,50.53796
,#000000,,,1137,Stone,,Unknown,-2.43598,50.53895
,#000000,,,1138,Stone,,Unknown,-2.43563,50.53893
,#000000,,,1139,Stone,,Unknown,-2.43603,50.53877
,#000000,,,1140,Stone,,Unknown,-2.43568,50.53874
,#000000,,,1141,Stone,,Unknown,-2.43573,50.53855
,#000000,,,1142,Stone,,Unknown,-2.43609,50.53858
,#000000,,,1143,Stone,,Unknown,-2.43578,50.53836
,#000000,,,1144,Stone,,Unknown,-2.43613,50.53839
,#000000,,,1145,Stone,,Unknown,-2.43585,50.53816
,#000000,,,1146,Stone,,Unknown,-2.43618,50.53821
,#000000,,,1147,Stone,,Unknown,-2.43591,50.53798
,#000000,,,1148,Stone,,Unknown,-2.43623,50.538
,#000000,,,1149,Stone,,Unknown,-2.436,50.53777
,#000000,,,1150,Stone,,Unknown,-2.43632,50.53781
,#000000,,,1151,Stone,,Unknown,-2.43607,50.53758
,#000000,,,1152,Stone,,Unknown,-2.4364,50.53761
,#000000,,,1153,Stone,,Unknown,-2.43613,50.5374
,#000000,,,1154,Stone,,Unknown,-2.43647,50.53741
,#000000,,,1155,Stone,,Unknown,-2.42108,50.54521
,#000000,,,1156,Stone,,Unknown,-2.4364,50.55
,#000000,,,1157,Stone,,Unknown,-2.43616,50.54872
Range,#000000,,,1158,Stone,,Unknown,-2.42486,50.55671
Range,#000000,,,1159,Stone,,Unknown,-2.42467,50.55673
Range,#000000,,,1160,Stone,,Sarsen,-2.42382,50.55611
,#000000,,,1161,Stone,,Unknown,-2.42391,50.55607
Range,#000000,,,1162,Stone,,Unknown,-2.42348,50.55528
Range,#000000,,,1163,Stone,,Unknown,-2.42316,50.55539
Range,#000000,,,1164,Stone,,Unknown,-2.4224,50.55472
Range,#000000,,,1165,Stone,,Unknown,-2.42271,50.55458
,#000000,,,1166,Stone,,Unknown,-2.43499,50.5667
,#000000,,,1167,Stone,,Unknown,-2.43254,50.56607
,#000000,,,1168,Stone,,Unknown,-2.43758,50.56749
,#000000,,,1169,Stone,,Unknown,-2.43195,50.56399
,#000000,,,1170,Stone,,Unknown,-2.42498,50.55474
,#000000,,,1171,Stone,,Unknown,-2.45436,50.53209
,#000000,,,1172,Stone,,Unknown,-2.43036,50.54797
,#000000,,,1173,Stone,,Unknown,-2.43035,50.54715
,#000000,,,1174,Stone,,Unknown,-2.43083,50.54724
,#000000,,,1175,Stone,,Unknown,-2.42603,50.54577
,#000000,,,1176,Stone,,Unknown,-2.42586,50.54629
Rifle range,#000000,,,1177,Stone,,Unknown,-2.46864,50.57547
Rifle range,#000000,,,1178,Stone,,Unknown,-2.46952,50.57606
Rifle range,#000000,,,1179,Stone,,Unknown,-2.46995,50.57635
Rifle range,#000000,,,1180,Stone,,Unknown,-2.47042,50.57664
Rifle range,#000000,,,1181,Stone,,Unknown,-2.47085,50.57693
Rifle range,#000000,,,1182,Stone,,Unknown,-2.47127,50.57723
Rifle range,#000000,,,1183,Stone,,Unknown,-2.47172,50.57753
Rifle range,#000000,,,1184,Stone,,Unknown,-2.47217,50.57783
Rifle range,#000000,,,1185,Stone,,Unknown,-2.47262,50.57813
Rifle range,#000000,,,1186,Stone,,Unknown,-2.47308,50.57842
Rifle range,#000000,,,1187,Stone,,Unknown,-2.47352,50.57871
Rifle range,#000000,,,1188,Stone,,Unknown,-2.47398,50.579
Rifle range,#000000,,,1189,Stone,,Unknown,-2.4744,50.57928
Rifle range,#000000,,,1190,Stone,,Unknown,-2.46908,50.57576
Rifle range,#000000,,,1191,Stone,,Unknown,-2.4682,50.57514
Rifle range,#000000,,,1192,Stone,,Unknown,-2.46808,50.57521
,,,,1193,Stone,,Sarsen,-2.69982,50.85491
,,,,1194,Stone,,Sarsen,-2.69976,50.85488
,#000000,,,1195,Stone,,Sarsen,-2.70027,50.85476
,,,,1196,Stone,,Sarsen,-2.69999,50.85488
,,,,1197,Stone,,Sarsen,-2.69999,50.85499
,#000000,,,1198,Stone,,Sarsen,-2.70001,50.85512
Bracket's Coppice,#000000,,,1199,Stone,,Sarsen,-2.69981,50.85495
Brackets Coppice,#000000,,,1200,Stone,,Sarsen,-2.70128,50.85523
,#000000,,,1201,Stone,,Sarsen,-2.70105,50.85463
Brackets Coppice,#000000,,,1202,Stone,,Sarsen,-2.7001,50.85541
,,,,1203,Stone,,Sarsen,-2.69971,50.85508
,,,,1204,Stone,,Sarsen,-2.6998,50.85519
,,,,1205,Stone,,Sarsen,-2.69983,50.85516
,,,,1206,Stone,,Sarsen,-2.69975,50.85498
,,,,1207,Stone,,Sarsen,-2.69971,50.85517
Bracket's Coppice,#000000,,,1208,Stone,,Sarsen,-2.69975,50.85515
,,,,1209,Stone,,Sarsen,-2.69968,50.85512
,,,,1210,Stone,,Sarsen,-2.69965,50.85518
,,,,1211,Stone,,Sarsen,-2.69964,50.85519
,,,,1212,Stone,,Sarsen,-2.69969,50.85536
,,,,1213,Stone,,Sarsen,-2.69967,50.85536
,,,,1214,Stone,,Sarsen,-2.69963,50.85513
,,,,1215,Stone,,Sarsen,-2.69956,50.85515
Brackets Coppice,#000000,,,1216,Stone,,Sarsen,-2.69921,50.85515
,#000000,,,1217,Stone,,Sarsen,-2.69907,50.85479
,#000000,,,1218,Stone,,Sarsen,-2.69866,50.8559
Bracket's Coppice,#000000,,,1219,Tufa,,Tufa in stream,-2.6982,50.85507
,#000000,,,1220,Stone,,Sarsen,-2.22741,50.94022
,#000000,,,1221,Stone,,Sarsen,-2.22774,50.9385
,#000000,,,1222,Stone,,Heathstone,-1.9708,50.64794
,#000000,,,1223,5 Stones,Possible chambered long barrow BHO,Sarsen,-2.24281,50.77451
Dead Woman's Stone,#000000,,,1224,Stone,,Heathstone,-2.25354,50.72405
,#000000,,,1225,Boundary stone,Sarsen BHO,Unknown,-2.2319,50.74566
,#000000,,,1226,Stone,"Hapstone, limestone",Unknown,-2.11215,50.62487
,#000000,,,1228,Boundary stone,Dressed limestone BHO Upper Grreensand Formation,Unknown,-2.1136,50.63619
,#000000,,,1229,Boundary stone,Studland-Swanage Parish Boundary,Unknown,-1.9449,50.63196
,#000000,,,1230,Boundary stone,Studland-Swanage Parish boundary,Unknown,-1.94828,50.63157
,#000000,,,1231,Boundary stone,,Unknown,-1.94954,50.63152
,#000000,,,1232,Boundary stone,,Unknown,-1.95863,50.63118
,#000000,,,1233,Boundary stone,Studland-Swange parish boundary,Unknown,-1.96258,50.63094
,#000000,,,1234,Boundary stone,Studland-Swanage parish boundary,Unknown,-1.96595,50.63097
,#000000,,,1235,Boundary stone,,Unknown,-1.96828,50.63131
,#0d0c0c,,,1236,Boundary stone,,Unknown,-1.97146,50.63164
,#000000,,,1237,Boundary stone,,Unknown,-2.11274,50.63434
,#1d1b1b,,,1238,Boundary stone,,Unknown,-2.11054,50.63113
,#000000,,,1239,Stone,Mere stone BHO,Purbeck Limestone,-1.9606,50.59682
,#000000,,,1240,Stone,Mere stone BHO,Purbeck Limestone,-1.96091,50.59659
,#000000,,,1241,Stone,Mere stone BHO,Purbeck Limestone,-1.96152,50.59652
,#000000,,,1242,Stone,Mere stone BHO,Purbeck Limestone,-1.96182,50.59648
,#000000,,,1243,Stone,Mere stone BHO,Purbeck Limestone,-1.96024,50.59494
,#000000,,,1244,Stone,Mere stone BHO,Purbeck Limestone,-1.95992,50.59454
Labour-in-Vein,#000000,,,1245,Stone,Landslipped Forest Marble or Upper Greensand?,Upper Greensand,-2.65213,50.67061
,#000000,,,1246,Standing Stone,"Local limestone, landslip BHO",Upper Greensand or Beacon Limestone?,-2.84746,50.80153
,#000000,,,1247,Boundary stone,,Unknown,-2.10497,50.6156
,#000000,,,1248,Boundary stone,,Unknown,-2.10468,50.62047
,#000000,,,1249,Boundary stone,,Unknown,-2.10489,50.62195
,#000000,,,1250,Boundary stone,,Unknown,-2.10525,50.62397
,#000000,,,1251,Boundary stone,,Unknown,-2.10528,50.6244
,#000000,,,1253,Stone,,Unknown,-2.09445,50.60583
,#000000,,,1254,Stone,,Unknown,-2.09134,50.60896
,#7e7e7e,,,1255,Stone,,Sarsen,-2.4555,50.65154
,#7e7e7e,,,1256,Stone,,Sarsen,-2.4571,50.65178
,#7e7e7e,,,1257,Stone,,Sarsen,-2.45995,50.65182
Portesham,#000000,,,1258,Stone,,Sarsen,-2.56841,50.6692
Portesham,#000000,,,1259,Stone,,Sarsen,-2.56848,50.6692
,#7e7e7e,,,1260,Boundary stone,,Unknown,-2.47601,50.62499
,#7e7e7e,,,1261,Boundary stone,,Unknown,-2.47604,50.63093
,#7e7e7e,,,1262,Boundary stone,,Unknown,-2.45844,50.63906
,#7e7e7e,,,1263,Boundary stone,,Unknown,-2.46649,50.63472
,#7e7e7e,,,1264,Boundary stone,,Unknown,-2.46642,50.63466
,#121212,,,1265,Boundary stone,,Unknown,-2.61722,50.7402
,#0a0a0a,,,1266,Boundary stone,,Unknown,-2.61553,50.74029
,#030303,,,1267,Stone,,Heathstone,-1.98764,50.63574
,#000000,,,1268,Stone,,Heathstone,-1.9764,50.63885
,#050505,,,1269,Stone,,Heathstone,-1.98503,50.6405
,#030303,,,1271,Stone,,Unknown,-1.97376,50.62922
Waddon,#000000,,,1272,Stone,,Portland Stone,-2.5389,50.67105
Waddon,#000000,,,1273,Stone,,Portland Sand,-2.53883,50.67103
Waddon,#000000,,,1274,Stone,,Portland Sand,-2.53879,50.67102
,#7e7e7e,,,1275,Boundary stone,,Unknown,-2.37378,50.67064
,#7e7e7e,,,1276,Boundary stone,,Unknown,-2.37373,50.6701
,#7e7e7e,,,1277,Boundary stone,,Unknown,-2.37369,50.66972
,#7e7e7e,,,1278,Boundary stone,,Unknown,-2.37368,50.66936
,#7e7e7e,,,1279,Boundary stone,,Unknown,-2.37379,50.66917
,#7e7e7e,,,1280,Boundary stone,,Unknown,-2.3741,50.66893
,#7e7e7e,,,1281,Boundary stone,,Unknown,-2.37431,50.66877
,#7e7e7e,,,1282,Boundary stone,,Unknown,-2.37446,50.66869
,#7e7e7e,,,1283,Boundary stone,,Unknown,-2.37514,50.66852
,#7e7e7e,,,1284,Boundary stone,,Unknown,-2.37603,50.66835
,#7e7e7e,,,1285,Boundary stone,,Unknown,-2.37681,50.66813
,#7e7e7e,,,1286,Boundary stone,,Unknown,-2.37778,50.66785
,#7e7e7e,,,1287,Boundary stone,,Unknown,-2.37954,50.66741
,#7e7e7e,,,1288,Boundary stone,,Unknown,-2.3804,50.66735
,#7e7e7e,,,1289,Boundary stone,,Unknown,-2.38066,50.66733
Winterborne Abbas,#000000,,,1290,Stone,,Sarsen,-2.53669,50.71058
Winterborne Abbas,#000000,,,1291,Stone,,Sarsen,-2.5367,50.71061
Winterborne Abbas,#000000,,,1292,Stone,,Sarsen,-2.53673,50.71064
,#7e7e7e,,,1293,Boundary stone,,Unknown,-2.42502,50.65707
,#7e7e7e,,,1294,Boundary stone,,Unknown,-2.42483,50.6575
,#7e7e7e,,,1295,Boundary stone,,Unknown,-2.42437,50.65946
,#7e7e7e,,,1296,Boundary stone,,Unknown,-2.41482,50.66265
,#7e7e7e,,,1297,Boundary stone,,Unknown,-2.41475,50.66186
,#7e7e7e,,,1298,Stone,,Sarsen,-2.41975,50.6612
,#7e7e7e,,,1299,Stone,,Sarsen,-2.42125,50.66174
,#7e7e7e,,,1300,Stone,,Sarsen,-2.42034,50.66283
,#7e7e7e,,,1301,Stone,,Sarsen,-2.41882,50.66229
,#000000,,,1302,Stone,,Unknown,-2.30777,50.62935
,#7e7e7e,,,1303,Stone,,Unknown,-2.42878,50.6495
,#7e7e7e,,,1304,Stone,,Unknown,-2.42836,50.65013
,#7e7e7e,,,1305,Boundary stone,,Unknown,-2.46307,50.63631
,#7e7e7e,,,1306,Boundary stone,,Unknown,-2.46514,50.66446
,#7e7e7e,,,1307,Boundary stone,,Unknown,-2.46509,50.66433
,#7e7e7e,,,1308,Boundary stone,,Unknown,-2.4654,50.66583
Ridge Hill,#7e7e7e,,,1309,Boundary stone,,Unknown,-2.49443,50.67859
,#7e7e7e,,,1310,Boundary stone,,Unknown,-2.47824,50.67791
,#7e7e7e,,,1311,Boundary stone,,Unknown,-2.46801,50.67315
,#7e7e7e,,,1312,Boundary stone,,Unknown,-2.46737,50.6721
,#7e7e7e,,,1313,Boundary stone,,Unknown,-2.46657,50.6719
,#7e7e7e,,,1314,Boundary stone,,Unknown,-2.46694,50.65242
,#7e7e7e,,,1315,Boundary stone,,Unknown,-2.46633,50.65241
,#7e7e7e,,,1316,Boundary stone,,Unknown,-2.46695,50.6544
,#7e7e7e,,,1317,Boundary stone,,Unknown,-2.46663,50.65678
,#7e7e7e,,,1318,Boundary stone,,Unknown,-2.46623,50.65823
,#7e7e7e,,,1319,Boundary stone,,Unknown,-2.49787,50.66671
,#7e7e7e,,,1320,Boundary stone,,Unknown,-2.49235,50.65719
,#7e7e7e,,,1321,Boundary stone,,Unknown,-2.49089,50.65291
,#7e7e7e,,,1322,Boundary stone,,Unknown,-2.48831,50.64601
,#7e7e7e,,,1323,Boundary stone,,Unknown,-2.48822,50.64583
,#7e7e7e,,,1324,Boundary stone,,Unknown,-2.4862,50.63978
,#7e7e7e,,,1325,Boundary stone,,Unknown,-2.48658,50.63685
,#7e7e7e,,,1326,Boundary stone,,Unknown,-2.48503,50.63357
,#7e7e7e,,,1327,Boundary stone,,Unknown,-2.48338,50.61963
,#7e7e7e,,,1328,Boundary stone,,Unknown,-2.48305,50.60231
,#7e7e7e,,,1329,Stone,,Unknown,-2.49734,50.59597
,#7e7e7e,,,1330,Stone,,Unknown,-2.4956,50.5971
,#7e7e7e,,,1331,Stone,,Unknown,-2.49367,50.59572
,#7e7e7e,,,1332,Stone,,Unknown,-2.49393,50.59546
,#7e7e7e,,,1333,Stone,,Unknown,-2.49378,50.59538
,#7e7e7e,,,1334,Stone,,Unknown,-2.49097,50.59498
,#7e7e7e,,,1335,Stone,,Unknown,-2.48826,50.5963
,#7e7e7e,,,1336,Stone,,Unknown,-2.49162,50.59791
,#7e7e7e,,,1337,Stone,,Unknown,-2.48469,50.59641
,#7e7e7e,,,1338,Stone,,Unknown,-2.4846,50.59649
,#7e7e7e,,,1339,Stone,,Unknown,-2.48671,50.59864
,#7e7e7e,,,1340,Stone,,Unknown,-2.48778,50.59937
,#7e7e7e,,,1341,Stone,,Unknown,-2.49061,50.59901
,#7e7e7e,,,1342,Stone,,Unknown,-2.43378,50.69893
,#7e7e7e,,,1343,Boundary stone,,Unknown,-2.41543,50.7062
,#7e7e7e,,,1344,Boundary stone,,Unknown,-2.415,50.70365
,#7e7e7e,,,1345,Boundary stone,,Unknown,-2.44187,50.69899
,#7e7e7e,,,1346,Boundary stone,,Unknown,-2.44763,50.69938
,#7e7e7e,,,1347,Boundary stone,,Unknown,-2.45493,50.69971
,#7e7e7e,,,1348,Boundary stone,,Unknown,-2.4615,50.70257
,#7e7e7e,,,1349,Boundary stone,,Unknown,-2.46314,50.71229
,#7e7e7e,,,1350,Boundary stone,,Unknown,-2.45408,50.71807
,#7e7e7e,,,1351,Boundary stone,,Unknown,-2.45336,50.72235
,#7e7e7e,,,1352,Stone,,Unknown,-2.4516,50.73133
,#7e7e7e,,,1353,Stone,,Unknown,-2.44958,50.73076
,#7e7e7e,,,1354,Stone,,Unknown,-2.44843,50.73133
,#7e7e7e,,,1355,Stone,,Unknown,-2.449,50.73263
,#7e7e7e,,,1356,Boundary stone,,Unknown,-2.40612,50.71007
,#7e7e7e,,,1357,Boundary stone,,Unknown,-2.41384,50.71017
Portesham Hill,#000000,,,1358,Stone,,Sarsen,-2.56185,50.6818
Winterborne Steepleton,#000000,,,1359,Cromlech,,Sarsen,-2.54789,50.70547
Winterborne Steepleton,#000000,,,1360,Cromlech,Chambered Long Barrow,Sarsen,-2.54785,50.70546
"St Peter & St Paul, Toller Porcorum",#050505,,,1361,Stone,Visible on Google Street View,Sarsen,-2.62208,50.77979
"St Peter & St Paul, Toller Porcorum",#080808,,,1362,Stone,Visible on Google Street View,Sarsen,-2.62207,50.77976
,#000000,,,1363,Stone,,Heathstone,-2.13807,50.71062
,#000000,,,1364,Stone,,Heathstone,-2.13873,50.70801
,#0a0a0a,,,1365,Stone,,Heathstone,-2.13906,50.70669
,#030303,,,1366,Stone,,Heathstone,-2.13866,50.70491
,#000000,,,1367,Stone,,Heathstone,-2.13697,50.69162
,#050505,,,1368,Stone,,Heathstone,-2.13663,50.69343
,#050505,,,1369,Stone,,Heathstone,-2.13676,50.69477
,#080808,,,1370,Stone,,Heathstone,-2.13739,50.70052
,#050505,,,1371,Stone,,Heathstone,-2.1492,50.70552
,#050505,,,1372,Stone,,Heathstone,-2.14711,50.69341
,#0a0a0a,,,1373,Stone,,Heathstone,-2.14706,50.69259
,#080808,,,1374,Stone,,Heathstone,-2.11511,50.72811
,#030303,,,1375,Stone,,Heathstone,-2.11486,50.72191
,#050505,,,1376,Stone,,Heathstone,-2.11354,50.71527
,#000000,,,1377,Stone,,Heathstone,-2.11249,50.71105
,#0d0d0d,,,1378,Stone,,Heathstone,-2.10881,50.70418
,#050505,,,1379,Stone,,Heathstone,-2.05059,50.76235
,#030303,,,1380,Stone,,Heathstone,-2.07377,50.67745
,#050505,,,1381,Stone,,Heathstone,-2.06934,50.66636
,#080808,,,1382,Stone,,Heathstone,-2.06918,50.6691
,#050505,,,1383,Stone,,Heathstone,-2.05718,50.65285
,#000000,,,1384,Stone,,Heathstone,-2.05597,50.66084
,#050505,,,1385,Stone,,Unknown,-2.09668,50.64051
,#000000,,,1386,Stone,,Unknown,-2.09909,50.64038
,#050505,,,1387,Stone,,Unknown,-2.10288,50.63997
,#050505,,,1388,Stone,,Unknown,-2.08569,50.61005
,#050505,,,1389,Stone,,Unknown,-2.08671,50.60946
,#050505,,,1390,Stone,,Unknown,-2.08785,50.60838
,#000000,,,1391,Stone,,Unknown,-2.0907,50.60776
,#050505,,,1392,Stone,,Unknown,-2.47331,50.58601
,#030303,,,1393,Stone,,Unknown,-2.47401,50.58587
,#030303,,,1394,Stone,,Unknown,-2.42898,50.5391
,#030303,,,1395,Stone,,Unknown,-2.42894,50.53904
,#080808,,,1396,Stone,,Unknown,-2.44214,50.55181
,#050505,,,1397,Stone,,Unknown,-2.44625,50.55374
,#0a0a0a,,,1398,Stone,,Unknown,-2.44613,50.55377
,#080808,,,1399,Stone,,Unknown,-2.4461,50.55372
,#030303,,,1400,Stone,,Unknown,-2.428879737854,50.5491489359798
,#030303,,,1401,Stone,,Unknown,-2.42843180894852,50.5492273345763
,#0a0a0a,,,1402,Stone,,Unknown,-2.42807105183601,50.5492869855951
,#000000,,,1403,Stone,,Unknown,-2.4277438223362,50.5493415236033
,#050505,,,1404,Stone,,Unknown,-2.42734685540199,50.5494088438703
,#000000,,,1405,Boundary stone,,Unknown,-2.50488951802254,50.8738614924551
,#080808,,,1406,Boundary stone,,Unlnown,-2.50461995601654,50.8742346990638
,#000000,,,1407,Boundary stone,,Unknown,-2.50401109457016,50.87472722566
,#050505,,,1408,Boundary stone,,Unknown,-2.50328958034515,50.8753196047055
,#000000,,,1409,Boundary stone,,Unknown,-2.50136509537697,50.8764197172422
,#000000,,,1410,Stone,Mere stone?,Unknown,-2.1787878870964,50.8731870049031
,#000000,,,1411,Stone,Mere stone?,Unknown,-2.17794835567474,50.8743853348984
,#000000,,,1412,Stone,Mere stone?,Unknown,-2.17474043369293,50.8776450427878
,#0d0d0d,,,1413,Stone,Mere stone?,Unknown,-2.17126965522766,50.8700979472351
,#050505,,,1414,Boundary stone,,Unknown,-1.90016537904739,50.733649021123
,#0a0a0a,,,1415,Boundary stone,,Unknown,-1.88663765788078,50.7504560422596
,#030303,,,1416,Boundary stone,,Unknown,-1.88609853386879,50.7518144961868
,#080808,,,1417,Boundary stone,,Unknown,-1.88154950737953,50.7566582811149
,#0a0a0a,,,1418,Stone,,Heathstone,-1.87076568603516,50.7864141969965
,#0d0c0c,,,1419,Stone,,Heathstone,-1.87022924423218,50.7941189478268
,#000000,,,1420,Stone,,Heathstone,-1.87094271183014,50.7943461373114
,#000000,,,1421,Stone,,Heathstone,-1.86743974685669,50.7949531008167
,#080808,,,1422,Stone,,Heathstone,-1.87485605478287,50.817647537183
,#030303,,,1423,Stone,,Heathstone,-1.87313139438629,50.8246270498859
,#0d0c0c,,,1424,Stone,,Heathstone,-1.88755631446838,50.8256893896832
,#050505,,,1425,Stone,,Heathstone,-1.88129872083664,50.8294726140231
,#050505,,,1426,Stone,,Heathstone,-1.88231527805328,50.8310566316726
,#000000,,,1427,Stone,,Heathstone,-1.87321186065674,50.8367196904116
,#080808,,,1428,Stone,,Heathstone,-1.88067242503166,50.8256402548828
,#030303,,,1429,Stone,,Heathstone,-1.8806080520153,50.825663127986
,#050505,,,1430,Stone,,Heathstone,-1.88376367092133,50.8383136251954
,#080808,,,1431,Stone,,Heathstone,-1.87111169099808,50.8339805701146
,#0d0c0c,,,1432,Stone,,Heathstone,-1.86379998922348,50.8337603493798
,#000000,,,1433,Stone,,Heathstone,-1.88035055994987,50.8265865142739
,#050505,,,1434,Stone,,Heathstone,-1.87875062227249,50.8263315259408
,#030303,,,1435,Stone,,Heathstone,-1.87874391674995,50.8263111945852
,#080808,,,1436,Stone,,Heathstone,-1.87187343835831,50.83243900315
,#080808,,,1437,Stone,,Heathstone,-1.87571704387665,50.8279783363404
,#121212,,,1438,Stone,,Heathstone,-1.87628030776978,50.8287170101981
,#000000,,,1439,Stone,,Heathstone,-1.86942726373672,50.8300011905941
,#050505,,,1440,Stone,,Heathstone,-1.86779916286469,50.830275641453
,#0a0a0a,,,1441,Boundary stone,,Unknown,-1.86266273260117,50.8344650520736
,#080808,,,1442,Boundary stone,,Unknown,-1.86504453420639,50.8352713815262
,#050505,,,1443,Stone,,Heathstone,-1.90432280302048,50.8449360867601
,#0f0f0f,,,1444,Stone,,Heathstone,-1.90349265933037,50.8448014450485
,#0d0c0c,,,1445,Stonr,,Heathstone,-1.9140887260437,50.8975182336176
,#050505,,,1446,Stone,,Heathstone,-1.91728591918945,50.8981272396537
,#0f0f0f,,,1447,Stone,,Heathstone,-1.92925930023193,50.9014952375385
,#050505,,,1448,Stone,,Heathstone,-1.92106649279594,50.898484181156
,#000000,,,1449,Stone,,Unknown,-2.11560308933258,50.9624542711492
,#030303,,,1450,Stone,,Unknown,-2.11035132408142,50.962783690191
,#050505,,,1451,Boundary stone,,Unknown,-2.15662747621536,50.967545646053
,#080808,,,1452,Boundary stone,,Unknown,-2.18600571155548,51.0181300562507
,#000000,,,1453,Stone,,Heathstone,-1.8556997179985,50.8678246085564
,#080808,,,1454,Stone,,Heathstone,-1.85583114624023,50.867701035965
,#080808,,,1455,Stone,,Heathstone,-1.85686647891998,50.8799923651415
,#000000,,,1456,Stone,,Heathstone,-1.85241401195526,50.8698169597771
,#050505,,,1457,Stone,,Heathstone,-1.86856091022491,50.8695173508024
,#050505,,,1458,Stone,,Heathstone,-1.86960965394974,50.8689164343425
,#030303,,,1459,Stone,,Heathstone,-1.87014877796173,50.8686202050679
,#030303,,,1460,Stone,,Unknown,-2.16668844223022,50.8521993888144
,#0d0c0c,,,1461,Stone,,Unknown,-2.16357707977295,50.8544650231242
,#7e7e7e,,,1462,Stone,,Unknown,-2.17109799385071,50.8670967104919
,#0d0c0c,,,1463,Stone,,Unknown,-2.16967642307281,50.8644592544023
,#0a0a0a,,,1464,Boundary stone,,Unknown,-2.18287825584412,50.8347614983446
,#030303,,,1465,Stone,,Heathstone,-1.92268788814545,50.9176923938814
,#080808,,,1466,Stone,,Heathstone,-1.91880472004414,50.9179976114316
,#000000,,,1467,Stone,,Heathstone,-1.9345298409462,50.9158847209257
,#030303,,,1468,Stone,,Heathstone,-1.93498313426971,50.9152556545595
,#000000,,,1469,Stone,,Heathstone,-1.9323143362999,50.9146705475647
,#050505,,,1470,Stone,,Heathstone,-1.92946314811707,50.9137725800365
,#050505,,,1471,Stone,,Heathstone,-1.92550152540207,50.9120594602184
,#030303,,,1472,Stone,,Heathstone,-1.92066818475723,50.912083136539
,#030303,,,1473,Stone,,Heathstone,-1.94681704044342,50.9248107972695
,#030303,,,1474,Stone,,Heathstone,-1.94631546735764,50.9235850215787
,#050505,,,1475,Stone,,Heathstone,-1.93010956048965,50.9115825489105
,#050505,,,1476,Stone,,Heathstone,-1.91952288150787,50.9112172518377
,#0a0a0a,,,1477,Stone,,Heathstone,-1.91691376268864,50.9140347004087
,#0a0a0a,,,1478,Stone,,Heathstone,-1.90738990902901,50.9093560525611
,#0d0d0d,,,1479,Stone,,Heathstone,-1.90792769193649,50.9097627998756
,#000000,,,1480,Stone,,Heathstone,-1.90666303038597,50.9091556372966
,#0f0f0f,,,1481,Stone,,Heathstone,-1.90593883395195,50.9089577580875
,#0a0a0a,,,1482,Stone,,Unknown,-1.96211367845535,50.9914325179268
,#0a0a0a,,,1483,Stone,,Unknown,-1.96201175451279,50.9831017943904
,#0a0a0a,,,1484,Stone,,Unknown,-1.96200907230377,50.9830730884616
,#0d0c0c,,,1485,Stone,,Unknown,-1.96132779121399,50.9742595291431
,#030303,,,1486,Stone,,Unknown,-1.9610059261322,50.9741919728893
,#050505,,,1487,Stone,,Unknown,-1.96033537387848,50.9744047747559
,#080808,,,1488,Stone,,Unknown,-1.90922856330872,50.9455848947723
,#030303,,,1489,Stone,,Unknown,-1.89837902784348,50.9357551197074
,#0f0f0f,,,1490,Stone,,Unknown,-1.89271152019501,50.9316627111343
,#121212,,,1491,Stone,,Unknown,-1.8736919760704,50.9175604986973
,#050505,,,1492,Stone,,Unknown,-1.85859382152557,50.9225249109035
,#0a0a0a,,,1493,Stone,,Unknown,-1.86242267489433,50.9200207896147
,#030303,,,1494,Stone,,Unknown,-1.83103948831558,50.9282326539184
,#080808,,,1495,Stone,,Heathstone,-1.86174273490906,50.8647927535605
,#000000,,,1496,Stone,,Heathstone,-1.861732006073,50.8640174066658
